udtryk_id	talemaade_udtryk	ddo_definition
59010875	lægge låg på noget	afslutte, skjule eller lægge en dæmper på noget
59002279	snyde nogen så vandet driver	snyde nogen groft
59004867	tale med store bogstaver	udtale sin kritiske mening højt og bestemt; skælde ud
59003683	lang næse	skuffelse; følelse af at være snydt
59012501	slå knuder på tungen	anstrenge sig for at formulere noget, fx fordi det er svært at udtale eller fordi man vil undvige et pågående spørgsmål
59000497	hurtig hjælp er dobbelt hjælp	jo tidligere en hjælp ydes, desto mere effektiv er den
59000852	puste til ilden	gøre en konflikt eller spændt situation værre, fx ved at komme med provokerende bemærkninger
59001158	måtte sige farvel til noget	erkende at have lidt et (økonomisk) tab, mistet en mulighed eller lignende
59001305	et levende leksikon	en person med stor viden, ofte inden for mange områder
59009021	ikke have salt til et æg	være fattig
59000260	skinnet bedrager	det ydre giver ikke nødvendigvis udtryk for de indre, sande kvaliteter hos noget eller nogen, eller for hvordan noget i virkeligheden forholder sig
59000942	ikke have opfundet den dybe tallerken	ikke være særlig (bogligt) begavet
59000443	lokummet brænder	der er (udsigt til) problemer
59010011	det er der ingen ben i	det er nemt at udføre eller forstå
59003592	ramme muren	blive drænet for kræfter med en mærkbar nedgang i fysisk præstation til følge
59011740	ikke have mange brikker at flytte rundt med	ikke være særlig begavet
59006724	danse efter nogens pibe	rette sig efter nogen; være underkastet nogens vilje
59006111	det kommer ikke det smør ved	det vedrører ikke den sag; det er ikke relevant i den sammenhæng
59000282	hælde vand ud af ørerne	sige noget uden særlig meget indhold, fx for at vinde tid eller undskylde noget
59005689	vride halsen om på nogen	få nogen til at makke ret ved at presse eller true
59011671	være på egen boldgade	være på egen hånd; være uden tilsyn
59003693	male byen rød	drikke og more sig uden for sit eget hjem
59004900	løbet er kørt	sagen, foretagendet eller kampen er afsluttet eller afgjort, og det er derfor ikke muligt at påvirke eller ændre på udfaldet
59007111	lev stærkt, dø ung	bruges for at udtrykke den opfattelse at det er bedre at tage chancer, leve livet fuldt ud og give efter for sine lyster end søge tryghed og faste rammer, også selvom man derved sætter livet på spil og risikerer at dø i en ung alder
59003354	stryge med hårene	prøve at behage; optræde føjeligt og eftergivende
59011092	den rygende pistol	det synlige eller på anden måde uigendrivelige bevis der fælder forbryderen i en kriminalsag
59009052	svæve over vandene	præge noget; være mærkbar
59000438	give en gang lak	give en omgang klø eller skældud
59004305	være på bølgelængde	nære en ofte umiddelbar og uudtalt forståelse for; have fælles interesser eller samme smag
59012818	spille sine kort godt	udnytte sine muligheder; handle klogt
59004567	viske tavlen ren	se bort fra tidligere uheldige hændelser eller gerninger; begynde på en frisk
59005034	løbe om hjørner med	narre; snyde
59009596	under én hat	på samme sted, under samme organisation eller under samme institution
59003944	så går den vilde jagt	der foregår en intensiv forfølgelse eller eftersøgning; der foregår en heftig aktivitet med hurtige bevægelser eller handlinger
59003851	uden mad og drikke duer helten ikke	man må sørge for at få noget at spise og drikke hvis man vil klare sig
59001032	ikke være mange sure sild værd	være udmattet eller nedtrykt
59006885	de bonede gulve	de finere kredse, etablissementet; inderkredsen (i en politisk magtstruktur)
59003996	få beskidte hænder	udføre manuelt arbejde; arbejde hårdt eller flittigt
59005184	hul på bylden	gang i noget der har voldt besvær eller været et problem
59006275	vejen til en mands hjerte går gennem maven	man vinder en mands kærlighed ved at lave god mad til ham
59008997	med næb og kløer	af alle kræfter; på en indædt, beslutsom eller meget energisk måde
59007465	leve som hund og kat	leve sammen og altid være uenige og skændes
59005970	give en god dag i noget	være ligeglad med noget; ikke bekymre sig om noget
59005916	male fanden på væggen	fremstille noget overdrevent negativt; straks tro det værste
59007130	være tynd i papirerne	være usikker, uvidende, dårligt forberedt eller lignende
59006378	synge på sidste vers	nærme sig afslutningen
59010531	slå større brød op end man kan bage	begynde på noget som man ikke kan gennemføre
59004855	spildte Guds ord på Balle-Lars	forgæves forsøg på at overbevise eller belære en person der synes ganske uimodtagelig for fornuft
59000498	hæve barren	øge ambitionerne eller kravene; hæve standarden
59012367	sandheden er ilde hørt	folk vil ikke høre eller erkende sandheden
59009659	det går ned ad bakke	der sker en dårlig udvikling på et bestemt område
59002143	blind høne finder også korn	bruges ofte (selv)ironisk for at udtrykke at selv en person uden de store forudsætninger, med lidt held, kan løse en bestemt opgave
59008443	mester for noget	person der har skabt, designet eller udtænkt et kunstnerisk værk eller noget andet der gør indtryk
59002321	trække en streg i sandet	tydeligt og klart markere en grænse for noget
59003455	bløde fronterne op	gøre uenige parter mere forsonlige
59003418	langt hen ad vejen	for størstedelens vedkommende; næsten helt
59013074	hænge i sin mors skørter	være meget knyttet til og afhængig af sin mor
59005127	grine hele vejen til banken	glæde sig over en økonomisk succes
59000316	komme ud af busken	sige eller gøre noget som man har været tilbageholdende med; tage et initiativ
59002357	gå med halm i træskoene	have et livssyn eller en tankegang der traditionelt forbindes med tidligere tiders enkle landliv, uden interesse for moderne udvikling og levevis
59009192	give med den ene hånd og tage med den anden	yde noget til nogen, men derefter fratage vedkommende dét eller noget andet
59003025	holde på hat og briller	passe på fordi noget (voldsomt) begynder eller finder sted
59008223	andre boller på suppen	noget der er nyt og helt forskelligt fra det man kender til i den pågældende sammenhæng
59007779	ligne hinanden som to dråber vand	ligne hinanden fuldstændig
59006691	en dråbe i havet	en ubetydelighed; meget lidt
59006409	lavthængende frugter	mål eller resultater der er lette og hurtige at nå, og som ikke kræver den store indsats
59007131	når man ikke vil høre, må man føle	når man ikke vil lytte til andres råd, må man selv bære de ubehagelige konsekvenser
59004455	nød lærer nøgen kvinde at spinde	hvis man i tilstrækkelig høj grad ønsker at løse et bestemt problem, skal man nok også finde en måde at gøre det på
59004398	der gror mos på nogen el. noget	nogen/noget ældes (og glemmes) med tiden
59004508	det fagreste træ i skoven	det som er vigtigst og betyder mest
59011048	lakrids mellem tæerne	snavs mellem tæerne; snavsede fødder
59005325	ikke nå nogen til knæene	have meget ringe evner i forhold til en anden
59007750	gå efter manden i stedet for bolden	(i en diskussion) blive personlig og dermed rette angreb mod personen frem for at beskæftige sig med dennes argumenter
59012119	tegn og underlige gerninger	uforståelige eller forunderlige handlinger eller fænomener
59003969	tage nogen ved hånden	hjælpe eller vejlede nogen
59008466	tage nogen med bukserne nede	overrumple nogen og derved afsløre vedkommende i en pinlig situation eller sammenhæng; overraske nogen og derved gennemføre noget mod vedkommendes vilje
59012930	pakke ind i vat	overbeskytte; forskåne for ubehagelige oplevelser
59000357	panik før lukketid	febrilskhed der skyldes at en tidsfrist er tæt ved at være overskredet, eller at noget snart er uigenkaldeligt forbi
59000410	få skovlen under	besejre eller få overtaget over
59006690	en dans på roser	en let og sorgløs tilværelse, aktivitet, opgave eller lignende
59006559	arbejde så blodet springer fra neglene	(arbejde) hårdt og intensivt
59000335	være i lommen på	være helt afhængig af
59000990	grus i maskineriet	modgang, problemer, forhindringer eller lignende
59003621	ikke være helt fin i kanten	ikke være (helt) acceptabel moralsk set; ikke være (helt) til at stole på
59000992	hele dynen	alt det som er relevant i en bestemt sammenhæng
59007339	smage af fugl	ikke være helt identisk med noget bestemt (attraktivt), men dog ligne det lidt; være bedre end ingenting
59009336	have blod på hænderne	have blodige eller grusomme handlinger på samvittigheden
59000633	puste til gløderne	få en strid til at udvikle sig (igen)
59007328	have mange jern i ilden	være beskæftiget med mange ting samtidig
59004892	næsten ikke kunne få armene ned	være overordentlig glad pga. stor succes
59006049	ikke vide om man er købt eller solgt	ikke vide med sikkerhed hvordan man er stillet (økonomisk) eller vil blive behandlet i nær fremtid
59012808	de forhåndenværende søms princip	fremgangsmåde hvor man nøjes med de begrænsede midler der umiddelbart er til rådighed
59005015	når enden er god, er alting godt	en lykkelig slutning på et forløb overskygger de evt. negative sider der måtte have været undervejs
59001373	komme ud af røret	komme af sted efter lang tids nølen; langt om længe tage sig sammen
59000950	skulle have skolepengene tilbage	være dum eller uvidende om et bestemt forhold
59009885	skære ud i pap	forklare eller meddele på en meget grundig og letforståelig måde
59001285	gå hjem og vug	forsvind; gå hjem, for der er ikke brug for dig
59002042	krydse nogens vej	mødes med nogen undervejs
59004779	gå i brædderne	blive træt (og falde i søvn); miste energi
59003166	kronen på værket	(fremragende) fuldendelse af en opgave
59007047	være i stødet	være oplagt (til noget)
59005425	slippe katten ud af sækken	(komme til at) afsløre noget der var holdt hemmeligt
59006992	være højt på strå	være indflydelsesrig, rig eller heldig og evt. opføre sig overlegent
59012355	der er synk i nogen	nogen kan drikke meget, især alkohol
59003482	ikke være nogens kop te	ikke være noget eller nogen som nogen bryder sig om eller er interesseret i
59005163	det ene ord tager det andet	bruges om en situation hvor påstande om nogen eller noget tiltager i grovhed
59007132	være høj i hatten	være overlegen eller arrogant; føle sig betydningsfuld
59000987	feje ind under gulvtæppet	skjule, hemmeligholde; ignorere, fortrænge
59006007	nissen flytter med	selvskabte problemer forfølger én hvis man blot flygter fra dem i stedet for at finde deres egentlige årsag
59011613	være ved sine sansers fulde brug	være i stand til at tænke klart; være tilregnelig
59005763	kæmpe mod vindmøller	kæmpe forgæves; kæmpe mod indbildte fjender eller vanskeligheder
59002352	have spidse albuer	hævde sig på andres bekostning
59002370	kaste med mudder	tale nedsættende og fornærmende om eller til nogen
59011203	for fulde gardiner	for fuld kraft; uden hæmninger eller begrænsninger
59012880	religion er opium for folket	religion er skadelig fordi den giver folket en falsk følelse af tilfredshed og hindrer sand erkendelse
59002257	én fugl i hånden er bedre end ti på taget	de (få) ting man ejer eller har opnået, har større værdi end de (mange) ting som man tror man kan få
59005274	med arme og ben	af al magt; uhæmmet
59000892	have ryggen mod muren	være i en ubehagelig eller trængt situation som det er svært at komme ud af
59005355	have alle trumfer på hånden	have meget gode chancer; være i en meget fordelagtig situation
59009665	det er en dårlig fugl der skider i sin egen rede	man skal ikke skade eller tale nedsættende om sin egen familie eller det miljø man selv tilhører eller kommer fra
59012622	med lodder og trisser	med (lidt held og) hvad man kan finde på af hjælpemidler; på bedst mulige, men ikke altid helt vellykkede måde; med kniberi
59002217	man kan ikke klippe håret af en skaldet	man kan ikke tage noget, fx penge, fra én der ingenting har
59012915	flyde med mælk og honning	være præget af overflod, rigdom eller frugtbarhed
59005551	kigge for dybt i flasken	indtage større mængder af alkoholiske drikke
59004465	stå på gloende pæle	være i en tilstand præget af forvirring, ophidselse, travlhed eller hektisk aktivitet
59006569	belåne til op over skorstenen	belåne en bygning eller anden fast ejendom helt op til eller over dens værdi
59003915	der går tretten på dusinet af noget	noget adskiller sig ikke fra mængden, er uden særlige kvaliteter, eller lignende
59001159	på sine grædende knæ	med tilkendegivelse af al tænkelig ydmyghed; meget indtrængende
59000466	køre med klatten	være suveræn til noget; brillere
59003907	græsset er altid grønnere i naboens have	det som andre har, opfatter man (altid) som bedre end det man selv har
59012368	behandle nogen som et råddent æg	omgås en person på en meget diplomatisk og forsigtig måde fordi vedkommende er meget nærtagende og besværlig
59012103	kigge nogen i kortene	aflure nogen deres hensigter eller fremgangsmåde
59007635	være i ilden	være på en hård prøve; være i centrum for nærgående opmærksomhed
59004421	have brød i ovnen	være gravid; vente barn
59012105	den åbne dørs politik	internationalt politisk princip om at lade flere stater i et bestemt område have lige vilkår mht. handel og skibsfart
59010596	i den kolde sne	i en tilstand af udelukkelse og forladthed
59011733	og så er den potte ude	og så er der ikke yderligere forhold at tage i betragtning; og så er den sag afgjort
59004506	man kan ikke lære en gammel hund nye kunster	en (ældre) person med indgroede vaner har svært ved at omstille sig og lære nyt
59009737	ikke kunne huske fra næse til mund	have en meget dårlig hukommelse
59009055	et ord er et ord	det man med ord har lovet, er man forpligtet til at holde
59002120	kende sine lus på travet	af erfaring være klar over hvem man har med at gøre, eller hvordan noget hænger sammen
59004178	lægge sin klamme hånd på noget	bemægtige sig noget, fx penge; få magten over noget
59005075	tampen brænder	man er tæt ved at nå til en erkendelse
59008080	holde på den forkerte hest	tage et parti eller træffe et valg som man senere fortryder
59008512	en streg i luften	en meget tynd person
59000491	bide i græsset	lide nederlag; give op; give efter
59010303	gammel kærlighed ruster ikke	én gang opstået kærlighed forgår ikke på trods af adskillelse eller tidens gang
59000613	gå til de evige jagtmarker	dø
59007610	komme på slagtebænken	blive ødelagt, nedlagt, opsplittet, hængt ud i pressen eller lignende
59003706	være solgt til stanglakrids	være ekstremt fascineret af eller forelsket i
59002221	eneste hane i kurven	eneste hankønsvæsen i en gruppe eller forsamling
59004431	koste blod, sved og tårer	(kræve) stor anstrengelse og offervilje
59010840	rive nogen noget i næsen	lade nogen høre for noget; kritisere nogen for noget
59005524	når solen går ned i en sæk, står den op i en bæk	når solen går ned bag store, mørke skyer, kan man vente regnvejr den følgende dag
59004702	noget er ikke det papir værd det er skrevet på	noget er (næsten) værdiløst, indholdsløst, ubrugeligt eller lignende
59002041	få en på frakken	få tæv
59011970	tale samme sprog	have fælles opfattelse af en sag, hvilket gør det lettere at samarbejde og nå til enighed i sagen
59011207	spille på hele klaviaturet	udnytte alsidige evner og muligheder
59002775	hvem har tisset på din sukkermad	hvorfor er du sur; er der nogen der har fornærmet dig
59009337	have det som blommen i et æg	leve trygt og godt
59007645	stå med det ene ben i graven	være nær ved at dø
59006493	munden står ikke stille på nogen	nogen snakker hele tiden
59005166	lægge et godt ord ind for nogen	omtale en person eller sag positivt for at yde støtte
59009245	gøre rent bord	bringe orden i tingene så man kan begynde på en frisk
59003279	der er ingen smalle steder	der er rigeligt, og der bliver ikke sparet på noget
59002231	gå på akkord	slække på sine ønsker, krav eller principper
59006734	være vaccineret med en grammofonstift	være tilbøjelig til at snakke for meget
59010251	dansen om guldkalven	den overdrevne tilbedelse af eller stræben efter rigdom
59011841	der falder en sten fra éns hjerte	man bliver fri for en sorg eller bekymring; man bliver lettet
59004060	gå ud som et lys	pludselig miste bevidstheden
59008561	krybe langs panelerne	opføre sig meget tilbageholdende, fx af generthed eller skamfuldhed
59002771	tabe både næse og mund	blive meget forbavset eller benovet over noget
59005618	ligge lige til højrebenet	være en indlysende og nærliggende mulighed
59006854	gaven der bliver ved med at give	bruges som udtryk for noget der ikke kun har en positiv effekt én gang, men fortsætter med at give udbytte
59007075	tage pungen frem	(modvilligt) betale et stort beløb
59003618	træde i karakter	blive synlig; vise sin personlighed for omverdenen
59003703	villa, Volvo og vovhund	bruges som symbol på det etablerede og trygge, lidt kedelige liv med fast arbejde og statussymboler
59003281	kæden er hoppet af	et forløb, et foretagende eller lignende er gået i stå eller har udviklet sig uheldigt
59005321	døden skal have en årsag	bruges for at udtrykke en almenmenneskelig tendens til at fremhæve én simpel og afgrænset årsagssammenhæng som forklaring på noget
59009018	der ryger en finke af panden	nogen kommer til at sige eller gøre noget dumt, især af tankeløshed
59010403	have fingeren på pulsen	være orienteret om den aktuelle udvikling på et bestemt (fagligt) område eller i samfundslivet
59006268	få enden på komedie	få en endefuld; få prygl
59004059	skriften på væggen	sikre tegn på en uundgåelig og som regel ugunstig eller farlig udvikling
59004175	fiske i rørte vande	prøve at drage fordel af en situation hvor der er uro eller forvirring, eller hvor nogen er uenige
59001861	bide sig fast	blive en fast bestanddel af noget; fastholde en erobret position
59004083	slå to fluer med ét smæk	opnå to mål eller fordele med en enkelt handling
59011749	stå malet i ansigtet på nogen	fremgå klart af nogens ansigtsudtryk
59001962	noget kan blive både en dreng og en pige	et udfald er forbundet med samme usikkerhed som kønnet på et endnu ufødt barn, dvs. er ikke til at forudsige
59003445	vride bananen	tisse
59005550	ikke lægge fingrene imellem	ikke være skånsom eller tilbageholdende, men direkte i ord eller handling
59012614	åbne sit hjerte	betro sig
59002252	gå rundt med noget i maven	have (skjulte) ambitioner eller drømme om at blive noget bestemt
59001162	helt ude i skoven	uden fornuft, mening eller forbindelse med virkeligheden; helt gal
59000854	klæder skaber folk	man vurderer folk (bl.a.) ud fra deres påklædning
59003651	op ad bakke	forbundet med modgang eller vanskeligheder der skal overvindes for at opnå et resultat
59005734	tage hatten af for	udtrykke respekt eller beundring for
59007201	Lars Tyndskids mark	sted langt ude på landet
59010069	går den, så går den	man kan lige så godt prøve at udføre en ofte dristig, mistænkelig eller ufin handling, for hvis det lykkes, er det godt, og lykkes det ikke, er der sikkert ikke tabt noget ved det
59002936	højt at flyve, dybt at falde	jo større ambitioner eller succes man har, desto mere risikerer man at miste
59001196	gøre sine hoser grønne	indsmigre sig; forsøge at få succes hos nogen
59005669	gassen går af ballonen	en begivenhed eller et fænomen bliver mindre spændende; nogen mister handlekraften eller interessen
59004513	køre kanonerne i stilling	gøre klar til en aktion eller vanskelig forhandling for at fremme egne interesser eller angribe andres
59005304	en pose blandede bolsjer	helhed bestående af indbyrdes meget forskelligartede elementer
59007154	der må være en blonde	der er grænser for hvad man kan tillade sig
59009895	gå op og ned som kong Volmers røv	bruges om noget der er ujævnt, eller om et stykke arbejde der er dårligt udført
59007399	have det hele i munden	kun snakke om noget i stedet for at handle
59000761	skomager, bliv ved din læst	bruges for at minde om at man bør nøjes med at beskæftige sig med de ting som man har kvalifikationer til
59001748	væggene har ører	man skal være forsigtig når man siger noget fortroligt, for der er måske uvedkommende der lytter
59000606	vende tingene på hovedet	se på tingene på en ny måde; gøre noget anderledes end sædvanligt
59008562	ville give sin højre arm for noget	være parat til at bringe et meget stort offer for at opnå noget; brændende ønske sig noget
59009658	brænde sit lys i begge ender	arbejde med for mange ting samtidig; slide sig op
59002318	vække den slumrende løve	fremkalde vrede hos en ellers fredsommelig person
59011009	kæmpe mod vejrmøller	kæmpe forgæves; kæmpe mod indbildte fjender eller vanskeligheder
59009273	høre en knappenål falde til jorden	bruges som udtryk for at der er meget stille
59011316	strø sand på	bringe en (ubehagelig) sag til afslutning eller ud af verden; undlade at gøre mere ved det
59001398	nogens eget kød og blod	nogens (egen) blodsbeslægtede familie
59008503	de ti bud	samling påbud, regler, forslag, løfter, ideer eller lignende med tilsigtet gennemslagskraft som om de kom fra en højere magt
59002774	vende på en tallerken	vende rundt på meget begrænset plads; behøve meget lidt plads for at kunne manøvrere
59011047	være tredje hjul på vognen	være overflødig eller generende, fx i forbindelse med et kærlighedsforhold
59009656	være på tynd is	være i en situation hvor éns argumenter er utilstrækkelige eller uholdbare; være i en situation som man har svært ved at magte
59006163	kunne mere end sit fadervor	kunne noget andet og mere end man umiddelbart skulle forvente
59005328	få noget på halsen	blive udsat for eller udsætte nogen for problemer eller besværligheder
59007127	stikke piben ind	blive mere forsigtig og tilbageholdende; (begynde at) holde lav profil
59009125	grave et par spadestik dybere	være mere grundig; undersøge nærmere
59004232	komme gennem kødhakkeren	blive udsat for en grov behandling eller gennemgribende forandring
59004949	man skal ikke sælge skindet før bjørnen er skudt	man skal ikke bygge noget på forventninger eller usikre formodninger
59004576	hvis man kan være en karl om natten, kan man også være en karl om dagen	hvis man vil more sig (om natten), må man tage konsekvensen og opføre sig ansvarligt (næste dag)
59007349	så du røgen	bruges som kommentar hvis noget ikke er blevet til noget, eller nogen ikke har fået opfyldt sine forventninger
59005016	ikke tro nogen over en dørtærskel	overhovedet ikke tro på hvad nogen siger
59001059	vide hvordan kagen skal skæres	vide hvordan et problem løses, eller hvordan noget gøres på den rigtige måde, fx hvordan samfundsgoder eller løn fordeles mest retfærdigt
59007573	hvor der er hjerterum, er der husrum	gæstfrihed hører til almindelig venlighed; gode mennesker trives, selv hvor pladsen er trang
59004833	det er lettere for en kamel at komme igennem et nåleøje end for en rig at komme ind i Guds rige	bruges for at udtrykke hvor svært det er for mennesket at give afkald på materielle goder til fordel for åndelige værdier
59007485	slå fast med syvtommersøm	konstatere som en ubestridelig kendsgerning
59011369	skrive sig noget bag øret	lægge mærke til og huske på
59007109	den der ager med stude, kommer også frem	selv den der arbejder i et langsomt tempo, når sit mål
59005990	sætte nogens pis i kog	hidse nogen op; gøre nogen vred
59003278	dele sol og vind lige	være retfærdig; tilgodese alle parter i en sag
59000421	fyre godt op under kedlerne	forberede sig på eller yde en krævende eller voldsom præstation
59010021	målet helliger midlet	et godt formål berettiger brugen af mindre fine midler
59004453	være femte hjul på vognen	være malplaceret; være tilovers eller til besvær
59005977	være helt ude i tovene	være i en meget vanskelig situation som påvirker én psykisk
59004979	der er ugler i mosen	der er noget galt; der foregår noget fordækt eller foreligger en skjult fare eller vanskelighed
59002765	falde på et tørt sted	være meget tiltrængt og velkommen
59003384	kysten er klar	der er ingen hindringer i vejen for at påbegynde en bestemt aktivitet
59005436	der gror ikke mos på en rullesten	personer der lever et aktivt og energisk liv, sygner ikke hen (mentalt)
59009101	ind til benet	til det centrale eller væsentlige af noget
59000739	ligeud ad landevejen	uden omsvøb; ukompliceret og ligetil
59012441	skruen uden ende	selvforstærkende uheldig situation som man ikke umiddelbart kan komme ud af
59006046	der går inflation i noget	noget forringes eller mister prestige fordi det bliver lettere tilgængeligt eller mere udbredt
59005647	forsvarsparaderne er oppe	nogen er i en trængt og presset situation hvor vedkommende vil forsvare en holdning eller et synspunkt
59005145	have store tanker om	værdsætte, beundre eller have store forventninger til
59001266	med pistolen for brystet	i en situation hvor man er presset til at gøre noget, ofte under trusler eller med udsigt til et ubehageligt alternativ
59008534	få en spand koldt vand i hovedet	uventet blive afvist; komme ud for en stor skuffelse
59012815	splitte mine bramsejl	bruges som mildt kraftudtryk for at understrege overraskelse, forskrækkelse, fortørnelse eller lignende
59006057	nye koste fejer bedst	nyt er altid bedre end gammelt blot fordi det er nyt
59007598	der skal to til tango	en fælles aktivitet kræver indsats fra begge parter
59001416	store ord og fedt flæsk	tom snak eller tomme løfter
59000333	tilbage til rødderne	tilbage til en oprindelig tilstand eller situation; tilbage til de (gode og enkle) egenskaber som noget oprindeligt havde
59006318	lyse i kuld og køn	anerkende officielt
59012779	spille kong Gulerod	opføre sig på en indbildsk, overlegen eller arrogant måde
59011985	lægge billet ind på noget	vise aktiv interesse for (at opnå) noget
59002694	fra asken og i ilden	fra en ubehagelig eller uønsket situation til én der er endnu værre
59005574	har man sagt A, må man også sige B	er man først begyndt på noget, bør man også fuldføre det
59010838	skønne, spildte kræfter	kræfter der energisk og måske selvopofrende er sat ind på en opgave, men senere viser sig at være anvendt forgæves
59006752	ål i strømperne	folder i strømper der er gledet ned ad benet
59003699	ligge med næsen i vejret	være død og begravet
59006416	have knive i ærmerne	vente på en lejlighed til at foretage et (uventet) angreb
59009303	give bolden op	sætte bolden i spil, ved spillets begyndelse eller efter en scoring
59012565	man kan stille uret efter ham	han er yderst præcis
59012899	vaske sine hænder	fralægge sig ansvaret i en ubehagelig sag
59009096	få fingrene i fedtefadet	rode sig ud i en vanskelig, ubehagelig eller tvivlsom situation
59012998	til punkt og prikke	meget præcist eller omhyggeligt; fuldstændig
59013221	det løber nogen koldt ned ad ryggen	nogen får kuldegysninger pga. stærkt ubehag, angst, bange forudanelser eller lignende
59000608	alle gode gange tre	efter to mislykkede forsøg lykkes det (forhåbentlig) tredje gang
59009731	læsse noget over på nogen	bebyrde nogen med noget, fx arbejdsopgaver eller bekymringer
59006834	bide nogen i haserne	komme lige efter nogen; være meget tæt på nogen; presse nogen
59003954	dagens mand i skysovs	person som (for en dag) hyldes som en helt pga. en særlig bedrift
59000188	det er her det sner	det er her de vigtige eller spændende ting foregår
59004447	tungen på vægtskålen	den afgørende stemme ved en afstemning eller lignende
59012895	smage sin egen medicin	blive udsat for en ubehagelig behandling svarende til den man udsætter andre for
59003893	sætte i et dårligt lys	omtale negativt; give et dårligt ry
59004956	tage hul på noget	begynde på at gøre noget
59007362	køre af sporet	udvikle sig (ukontrolleret) i en forkert retning; komme i uføre
59004159	rene ord for pengene	udtalelse der ikke kan misforstås
59012786	is i maven	ro, tålmodighed og nøgternt overblik i en presset situation, fx når der skal træffes en beslutning
59005120	trække noget op af hatten	(på en let og ubesværet måde) bringe noget frem eller præsentere det som noget nyt og overraskende i fx en debat eller en anden sammenhæng
59012759	hvad man ikke ved, har man ikke ondt af	det er ofte bedre at leve i uvidenhed end at kende den ubehagelige sandhed
59001220	ikke lade solen gå ned over sin vrede	glemme eller tilgive noget man er blevet vred over
59002869	ikke den skarpeste kniv i skuffen	ikke særlig god, klog eller dygtig
59003059	skyde sig selv i foden	ved en bevidst handling komme til at skade sig selv
59003975	våd som en druknet mus	meget våd; gennemblødt
59012621	ikke større end tobak for en skilling	meget lille af vækst eller størrelse
59013075	rage kastanjerne ud af ilden	hjælpe sig selv eller en anden ud af en ubehagelig eller vanskelig situation
59003294	have kniven på struben	være presset til at gøre noget, fx under trusler eller med udsigt til et ubehageligt alternativ
59008446	født med en guldske i munden	født i en velhavende familie
59011822	det må briste eller bære	det må prøves uanset hvordan resultatet bliver
59004113	stikke spaden i jorden	påbegynde et (stort) bygge- eller anlægsarbejde
59012928	stå med håret ned ad nakken	stå modløs og skuffet tilbage; være blevet svigtet eller narret
59013188	uden for lands lov og ret	i et øde område fjernt fra større byer
59004515	ligge og lure i vandskorpen	være nært forestående eller snart bryde løs uden at ret mange venter det
59009812	den ene tjeneste er den anden værd	hvis man gør andre en tjeneste, kan man forvente at de gør gengæld en anden gang
59000593	gå hele vejen	føre en tanke, idé eller aktivitet ud i sin yderste konsekvens
59011764	lige så godt springe som krybe i det	hellere begynde på noget ubehageligt eller vanskeligt straks og få det overstået end udskyde det
59001232	ikke fugls føde	ingenting; intet som helst
59013208	have penge på kistebunden	have en (stor) opsparet sum penge
59012463	trykke på pauseknappen	midlertidigt sætte en udvikling i bero
59001362	bidt af en gal skuespiller	overordentlig begejstret for skuespil
59000960	være på benene	være kommet op at stå; være stået op af sengen
59012395	det kan du tage gift på	bruges for at udtrykke at man er helt sikker i sin sag
59003889	få luft under vingerne	få mulighed for at udfolde sig frit og selvstændigt eller for at opleve noget nyt og spændende
59012918	grave grøfter	skabe splid og uenighed mellem to parter
59008981	ramme hovedet på sømmet	udtrykke præcist; udtrykke det væsentlige
59012227	træde af på naturens vegne	trække sig tilbage for at forrette sin nødtørft
59001071	få noget ud af systemet	slippe af med eller blive fri for en bestemt følelse, tanke, sygdom eller lignende
59009067	ude af øje, ude af sind	det som ikke er synligt eller nærværende, bliver hurtigt glemt
59007606	binde på hænder og fødder	gøre fuldstændig afhængig
59002732	vove det ene øje	risikere noget, fx penge eller troværdighed, ved at gøre eller sige noget bestemt; tage en chance
59004902	der bliver ingen bukser ud af det skind	den idé, den plan, det forslag eller lignende bliver ikke til noget
59004560	for lidt og for meget fordærver alting	man bør ikke overdrive eller gå til yderligheder
59005758	ét spøg, et andet alvor	man bør holde det morsomme og det alvorlige ved en sag adskilt
59004966	ikke ville røre noget med en ildtang	føle væmmelse ved noget; ønske at undgå kontakt eller engagement
59010071	en pæl i kødet	en (medfødt) tilbøjelighed som anses for syndig, men som man ikke kan undslippe
59012525	sætte skibe i søen	være eller gå i gang med flere ting, fx projekter
59008619	få lange arme	blive træt i armene af at bære på noget tungt
59009279	elefanten i rummet	stort problem eller vanskeligt emne som alle kender til og er opmærksomme på, men som ingen vil tale om
59002288	det stille vand har den dybe grund	et menneske der ikke siger så meget eller ikke gør sig særlig bemærket, kan følelsesmæssigt eller intellektuelt være rigt udviklet
59003689	føre nogen bag lyset	snyde nogen; lyve for nogen
59003875	man skal høre meget før ørerne falder af	bruges for at udtrykke forbavselse over at nogen kan sige eller fortælle om noget så mærkeligt, vanvittigt, sladderagtigt eller lignende
59008775	lytte på vandrørene	lytte til rygter, sladder og uformel snak og på denne baggrund antage noget bestemt
59000488	købe katten i sækken	blive snydt i en handel ved at købe noget ubeset og derefter opdage at det er ringere end forventet
59005012	tomme tønder buldrer mest	det er ofte de personer som ved mindst eller har mindst betydning, der råber mest op eller gør sig mest gældende
59011611	med skindet på næsen	uden at komme galt af sted, tabe anseelse, miste sin position eller lignende; uden at miste alle sine penge eller gå fallit
59009093	gå op i en spids	udvikle sig i en retning hvor ingen løsning er mulig
59007663	der er løbet meget vand gennem åen siden ..	noget der passer godt med nogens ønsker, hensigter eller meninger
59003195	slå til plukfisk	tæske, gennembanke; ødelægge, nedbryde
59011317	varme nogens ører	slå nogen (på siden af hovedet)
59008367	få kærligheden at føle	blive ramt af ubehagelige (selvforskyldte) konsekvenser; opleve livets barske realiteter
59009864	hvor der handles, der spildes	der er altid omkostninger eller tab forbundet med at foretage sig noget
59006147	ben i næsen	(være) dygtig, viljestærk og god til at klare sig
59010071	et plaster på såret	en (delvis) kompensation for tab, smerte eller lignende
59004897	små gryder har også ører	også børn hører og forstår hvad der bliver sagt omkring dem
59003379	asfaltere mens man kører	tilpasse sig og tage nye beslutninger i en proces hvor vilkårene løbende ændrer sig
59005655	være karl for sin hat	være selvsikker og kompetent
59011082	som en brækket arm	elendigt; talentløst
59010217	have et øje på hver finger	være meget opmærksom og agtpågivende, fx i trafikken
59000607	hvad hjertet er fuldt af, løber munden over med	man kommer nemt til at røbe hvad der optager ens tanker mest
59009728	koste spidsen af en jetjager	være urimelig dyr
59005960	man skal rejse sig ved det træ hvor man er faldet	man skal kæmpe sig op med samme middel som var årsag til at man led nederlag, blev skadet eller lignende
59007370	tabe småkagerne	miste forstanden eller besindelsen; gøre eller sige noget dumt
59000604	skille fårene fra bukkene	sortere de(t) gode fra de(t) dårlige
59002210	være på den grønne gren	være i en gunstig, privilegeret situation, fx pga. held, flid eller dygtighed
59012243	med omvendt fortegn	karakteriseret ved at være diametralt modsat af noget på forhånd kendt eller netop omtalt
59004065	lokke nogen ud af busken	få nogen til at gøre eller sige noget som vedkommende har været tilbageholdende med
59005833	hugge en hæl og klippe en tå	tilpasse noget (ved grove metoder) for at få det til at passe én selv eller for at få det til at ligge inden for nogle afstukne rammer
59010518	ikke være til at styre på en hel tønde land	være meget begejstret, engageret eller ustyrlig, fx i forbindelse med en leg eller en diskussion
59004304	man skal ikke give bagerbørn hvedebrød	man skal ikke give nogen noget som vedkommende i forvejen har nok af eller let adgang til
59012914	holde kortene tæt til kroppen	være tilbageholdende med at give oplysninger i en (kontroversiel) sag
59004371	have gode kort på hånden	have gode chancer; være i en fordelagtig situation
59002319	hvad er højest, Rundetårn eller et tordenskrald?	bruges for at udtrykke at to ting ikke kan sammenlignes
59010252	finde melodien	(atter) finde sammen i indbyrdes harmoni; (gen)finde indre glæde, ro, selvtillid eller lignende
59004101	have nogen el. noget i kikkerten	have udset sig nogen eller noget til et bestemt formål, en bestemt opgave eller lignende
59011805	gennemgå med en tættekam	gennemgå meget omhyggeligt
59001940	fra hestens egen mund	direkte fra en person selv; direkte fra en primær kilde
59006462	en sund sjæl i et sundt legeme	åndelig og legemlig sundhed hænger sammen, og begge dele skal plejes
59002743	hverken se til højre eller venstre	kun have tanke for én ting og ikke bekymre sig om andet
59009204	bo i en kuffert	rejse eller flytte meget tit, fx fordi éns arbejde kræver det; ikke have et fast sted at bo
59013047	to sjæle, én tanke	bruges når to personer har fået den samme tanke eller idé
59001000	hælde benzin på bålet	(forsøge at) forstærke virkningen af noget
59004185	trække tænderne ud	svække alvorligt; gøre uskadelig
59011876	ved kasse ét	bruges for at angive at en reaktion kommer omgående, konsekvent og ubønhørligt
59011856	man skal ikke flyve højere end vingerne kan bære	man skal ikke gøre sig til mere end man er; man skal ikke sætte sig større mål end man kan overkomme
59010872	slag på tasken	omtrentlig beregning af nogets størrelse, omfang eller antal
59009045	gnide salt i såret	forøge smerten og pinen, ofte den psykiske
59008485	logik for burhøns	noget der er yderst let at forstå
59008605	køre på skinner	fungere tilfredsstillende, uden problemer eller med stor succes
59004826	hånd i hanke med	kontrol med; styr på
59002289	helt ind i knoglerne	bruges for at udtrykke at noget sanses eller mærkes meget intenst i kroppen
59009471	det er ikke studenterhuen der trykker	bruges for at udtrykke den vurdering at den pågældende person ikke er særlig begavet, klog eller godt uddannet
59004716	hvile på laurbærrene	stille sig tilfreds med de resultater man har opnået, og opgive videre stræben (indtil videre)
59000955	komme ind fra gaden	pludselig dukke op og gøre sig gældende i en bestemt sammenhæng uden forudgående erfaring
59012461	støde panden mod en mur	møde uoverstigelige vanskeligheder eller massiv modstand
59012743	når det regner på præsten, drypper det på degnen	en persons rigdom eller succes kommer også andre, mindre betydelige personer til gode
59005659	være livet om at gøre	være meget vigtigt; gælde livet
59009091	goddag mand, økseskaft	bruges for at udtrykke at det nogen svarer, ikke har noget med spørgsmålet at gøre og således ikke giver nogen mening
59010062	dråben der får bægeret til at flyde over	det der virker som den udløsende kraft; det der får tålmodigheden til at briste
59001751	have en høne at plukke med nogen	have noget at bebrejde en person der har gjort noget som har vakt éns utilfredshed eller vrede
59013131	gå i nogens fodspor	følge nogens eksempel; føre en tradition videre efter nogen
59000327	den der kommer først til mølle, får først malet	folk bliver betjent i den rækkefølge de henvender sig
59007121	komme ind med firetoget	komme udefra, fx fra Provinsen til København, som ung og uerfaren og derfor lidt naiv
59003425	ikke kunne se skoven for bare træer	være så optaget af enkeltdele og detaljer at man ikke kan se helheden
59004489	sætte ulven til at vogte får	overlade behandlingen af en sag til nogen der selv har en åbenlys interesse i et bestemt udfald
59006074	når skidt kommer til ære, ved det ikke hvordan det skal være	bruges hånligt og nedladende om en person der pludseligt eller nyligt har opnået høj social status, men som ikke formår at opføre sig på passende standsmæssig vis
59002227	i mørke er alle katte grå	den der ikke er synlig eller ikke skiller sig ud fra mængden, forbliver anonym
59009991	være sulten som en ulv	være meget sulten
59006721	arbejde sin røv i laser	arbejde særdeles meget
59006149	ikke få et ben til jorden	ikke få mindste mulighed for at klare sig
59006696	skrive til skrivebordsskuffen	skrive (skøn)litterære tekster, men uden at have til hensigt at få dem udgivet
59006670	toppen af kransekagen	det bedste eller de dygtigste inden for et bestemt område
59000422	det glatte lag	sønderlemmende kritik; voldsomt verbalt angreb
59009089	gå i spagat over noget	blive stærkt følelsesmæssigt påvirket af noget
59001735	hellere se éns hæl end éns tå	hellere se én gå end komme eller blive; helst være fri for éns selskab
59003442	fryse til is	bruges som udtryk for at man bliver overvældet af rædsel eller lignende
59005560	hvad forstår bønder sig på agurkesalat	bruges for at påpege (eller undskylde) manglende viden om eller forståelse af et emne
59000496	skæg for sig og snot for sig	man bør holde ting der ikke hører sammen, adskilt
59005619	mennesket lever ikke af brød alene	mennesket har for at leve (lykkeligt) ikke bare brug for mad, men også for oplevelser af mere åndelig karakter
59009195	gå bananas	blive begejstret, vred eller skør
59006129	penge lugter ikke	penge har deres værdi uanset hvorfra de stammer, eller hvordan de er tjent
59006549	hive sig selv op ved håret	gøre en kraftanstrengelse og redde sig ud af en ubehagelig situation
59008426	sidde med hænderne i skødet	være inaktiv; være afventende og passiv
59008955	komme ind under huden	gøre dybt indtryk; fylde éns bevidsthed helt
59004087	tabe på gulvet	ødelægge eller forspilde nogens chancer eller muligheder for noget
59005576	få noget med på vejen	få noget fortalt af andre som man evt. kan bruge fremover
59004713	slå knuder på sig selv	gøre sig store anstrengelser (for at opnå noget bestemt)
59010833	vifte nogen om næsen med noget	bruge noget som lokkemad over for nogen; stille nogen noget i udsigt
59004733	den hellige grav er vel forvaret	alt er som det skal være, trods trusler og farer
59004180	heldet følger de tossede	handlekraftige, (dum)dristige mennesker er ofte også heldige
59004827	tanker er toldfri	ingen bliver straffet for sine tanker
59008427	med hård hånd	med anvendelse af vold eller anden streng behandling af andre
59010311	være et hestehoved foran	ligge et (lille) stykke foran nogen i en konkurrence, et kapløb eller lignende
59009050	nogens mund er lukket med syv segl	en person røber intet
59004436	satse alt på ét kort	satse alt på én gang
59000624	parkere bussen	spille defensivt med mange markspillere i egen forsvarszone for at forhindre modstanderholdet i at score
59012517	guds ord fra landet	uerfaren og naiv ung pige
59001168	feje af bordet	forkaste; afvise
59006988	blæse nogen en hatfuld	være helt ligeglad med nogen; ikke tage hensyn til nogen
59004903	have jord under neglene	have praktisk erfaring med landbrugs- eller havearbejde; udføre fysisk krævende arbejde
59005521	når nøden er størst, er hjælpen nærmest	når alting ser værst ud, er det lige før det begynder at blive bedre
59002737	stikke hånden i en hvepserede	(begynde at) beskæftige sig med en ømtålelig sag, med risiko for ballade
59006755	få blod på tanden	få eller give smag for eller mod på et bestemt forehavende
59006873	vise nogen vintervejen	afvise nogen; vende nogen ryggen
59008983	gå i ét med tapetet	være selvudslettende; undlade at gøre opmærksom på sig selv
59003444	nu er gode råd dyre	nu er der opstået et problem som er svært at løse
59002766	gå som varmt brød	blive solgt meget hurtigt og i stor mængde eller antal
59011296	se ud som om man er faldet ned fra månen	se meget forbløffet ud
59007123	krølle på halen	overraskende eller finurlig (afsluttende) detalje i en historie eller lignende
59000266	levende lig	person der har det meget dårligt fysisk og psykisk
59004124	sætte himmel og hav i bevægelse	foretage sig alt muligt for at nå et bestemt mål
59000284	ikke kunne gøre en flue fortræd	være fredsommelig og utilbøjelig til at gøre noget der kan skade andre
59012226	tage tyren ved hornene	resolut gøre noget der kræver selvovervindelse
59000634	tale nogen efter munden	være føjelig og give nogen ret selvom man ikke nødvendigvis er enig
59006619	bestemme hvor skabet skal stå	være den der bestemmer og har det sidste ord
59007544	godt begyndt er halvt fuldendt	en god begyndelse på noget forøger muligheden for en vellykket fortsættelse og afslutning
59009057	have rundsave på albuerne	skubbe andre til side for at gavne sin egen karriere
59007152	den ene hånd ved ikke hvad den anden gør	et område virker kaotisk eller modsætningsfyldt, idet de enkelte dele ikke er koordinerede eller logisk sammenhængende
59005326	ikke nå nogen til sokkeholderne	have meget ringe evner i forhold til en anden
59006276	hr. og fru Danmark	den brede danske befolkning; danskere som de er flest
59013163	vende hver en sten	undersøge eller afprøve alle muligheder
59000598	holde dampen oppe	fortsætte på samme niveau med samme kraft og engagement
59003700	med mand og mus	bruges for at udtrykke at ingen overlever et skibsforlis
59011489	man skal ikke skue hunden på hårene	man skal ikke bedømme noget alene ud fra dets ydre
59006157	ingen roser uden torne	intet er så godt eller smukt at det er helt fri for fejl eller ulemper
59003997	slå hjernen fra	ikke tænke dybere over noget; ikke bruge sin fornuft, men handle instinktivt
59012862	sidde løst i sadlen	sidde usikkert i en stilling eller en position
59005083	ikke kunne se ud over sin egen næsetip	være egoistisk og snæversynet; kun tænke på sig selv
59000971	have en kage i ovnen	være gravid; vente barn
59005541	et vink med en vognstang	et indirekte, men tydeligt tegn til nogen om at forholde sig på en bestemt måde eller om hvordan noget forholder sig; et tydeligt praj
59003958	gå til makronerne	gå energisk i gang med noget og arbejde ihærdigt med det
59010377	sådan spiller klaveret ikke	det er forkert, umuligt eller uacceptabelt; sådan hænger tingene ikke sammen
59002347	trække nogen rundt ved næsen	narre nogen til at gøre noget; manipulere med nogen
59012539	lyve så stærkt som en hest kan rende	lyve groft; fortælle mange løgne
59012353	ikke være tabt bag en vogn	ikke være rådvild; være klog
59002002	æren er det fejreste træ i skoven	hæder og anerkendelse er vigtigst og går forud for andet
59003286	tage ordet ud af munden på nogen	sige det som en anden ville have sagt
59011042	bide til bollen	modstræbende indvillige i noget
59000318	med åben mund og polypper	med et meget forbavset udtryk i ansigtet
59002923	glansen går af Sankt Gertrud	den ydre fremtoning af skønhed og storhed forsvinder
59007867	den sne der faldt i fjor	bruges om hvad der nu er forsvundet, glemt eller uden interesse
59008606	lægge hænderne på kogepladen	tage et forpligtende, personligt ansvar der indebærer at man selv rammes af konsekvenserne af sine beslutninger
59001760	puste i nakken	overvåge; kontrollere
59009923	have nogen i sin hule hånd	have nogens hele opmærksomhed; have fuld kontrol med nogen
59002773	trække noget ned over hovedet på nogen	gennemføre noget mod nogens vilje eller uden at spørge den eller de implicerede; gennemtvinge noget
59010184	have en skrue løs	være (lidt) skør eller forvirret; ikke være rigtig vel forvaret
59003702	sætte alle sejl til	gøre en ekstra indsats for at noget skal lykkes; bruge alle forhåndenværende midler
59012416	hår på brystet	mod og styrke sådan som en rigtig mand menes at have det
59004301	sætte hælene i	modsætte sig noget; fastholde sin mening eller lignende
59009169	gøre kort proces	handle hurtigt og uden omsvøb, ofte sådan at det går ud over andre
59004095	så er det bal forbi	så er det slut (med at more sig)
59010505	dreje 180 grader	ændre til det modsatte eller til noget helt andet
59002769	høre en lille fugl synge om noget	høre et rygte om noget
59000329	ikke have noget liv	aldrig mødes med andre mennesker i selskabeligt lag; være socialt udstødt
59012026	i en snæver vending	i en situation hvor man har lidt travlt og er i bekneb; når det skal gå lidt hurtigt og være lidt nemt
59003460	overlade tøjlerne til nogen	give ansvaret for eller ledelsen af en forretning eller et foretagende videre til en efterfølger
59003588	vende sig i sin grav	protestere (hvis det havde været muligt) mod forhold i nutiden som strider mod den pågældendes vilje eller holdninger
59005361	lediggang er roden til alt ondt	når man ikke foretager sig noget nyttigt eller fornuftigt, skaber man let problemer for sig selv eller andre, fx fordi man af kedsomhed fristes til uacceptable handlinger
59004415	skud fra hoften	umiddelbart (og upræcist) gæt foretaget uden tænkepause
59012613	stå på god fod med nogen	have et godt forhold til nogen
59000258	vende den anden kind til	finde sig i en krænkelse eller et overgreb uden at gøre gengæld
59008984	skrive noget på nogens konto	give nogen skylden eller lade nogen tage ansvaret for noget
59011467	sno nogen om sin lillefinger	besnære nogen så vedkommende gør hvad man ønsker
59004121	sætte det lange ben foran	gå hurtigt; skynde sig
59004483	ryge fredspibe	(forhandle med henblik på at) slutte fred eller indgå forlig
59001432	stiv time	time betragtet som et langt (og krævende eller ubehageligt) tidsrum
59011737	havkat i hyttefadet	menneske der ved nytænkning eller utraditionel væremåde skaber røre omkring sig
59003375	lade fem og syv være lige	udvise ligegyldighed eller skødesløshed
59007813	dummere end politiet tillader	alt for dum
59012816	sætte en ny plade på grammofonen	sige eller skrive noget andet end det man har sagt eller skrevet mange gange før
59002149	tage noget på sin kappe	tage ansvaret eller skylden for noget
59012029	kaste et redningsbælte ud til nogen	hjælpe nogen der befinder sig i en vanskelig situation
59013018	have ti tommelfingre	være meget klodset; være fummelfingret
59011751	sætte lus i skindpelsen	skabe splid eller problemer for andre; forsøge at starte en konflikt (mellem andre) for derved at opnå noget selv
59002772	tabe hovedet	blive forvirret; miste besindelsen
59007831	leve på en sten	leve meget nøjsomt
59005417	livet er kort, kunsten er lang	man kan blive udødeliggjort gennem kunsten
59006113	med bred pensel	uden at gå i detaljer
59006803	den blå luft	det rene ingenting
59011593	dreje kniven rundt i såret	gøre en ubehagelig situation værre
59001131	drive nogen i armene på nogen	fremtvinge en (uheldig) alliance mellem to parter
59009180	hyppe sine egne kartofler	pleje sine egne interesser
59007569	smede mens jernet er varmt	udføre en handling når muligheden for et vellykket resultat er til stede
59003031	hurtig i vendingen	hurtig til at handle eller reagere i en situation
59009528	få fingeren ud	skynde sig at komme i gang med noget
59009689	ikke kende nogen landegrænser	spredes eller bevæge sig frit inden for et større område, uafhængigt af grænser
59011729	tjene ind på gyngerne hvad man har mistet på karrusellen	tjene lige så meget på én investering som man mister på en anden
59004559	stå med hatten i hånden	have en ydmyg, fx anmodende, bedende eller tiggende rolle
59005295	græde over spildt mælk	ærgre eller beklage sig over et tab, et uheld eller en uønsket udvikling som ikke kan være anderledes
59002988	historiens vingesus	bruges for at udtrykke en stærk oplevelse af historiens nærvær og betydning ved en bestemt lejlighed, fx ved overværelse af en historisk begivenhed mens den finder sted, eller ved tilstedeværelse dér hvor en sådan begivenhed engang fandt sted
59004102	hellere lille og vågen end stor og doven	det går udmærket an at være lille af vækst når man blot er kvik og energisk
59005457	langt mellem snapsene	få højdepunkter eller interessante begivenheder
59002214	gammel i gårde	som længe har haft en nær tilknytning til fx en bestemt arbejdsplads eller en bestemt gruppe mennesker, og som derfor er særlig fortrolig med forholdene
59002384	ligne udskidt æblegrød	se meget træt og sløj ud
59000114	med hovedet under armen	uden at tænke sig om
59006252	trække store veksler på nogen	stille (for) store krav til nogens velvilje eller hjælp
59005282	ikke lutter lagkage	ikke kun let og behageligt og uden fortrædeligheder; ikke den rene idyl
59011699	føle sig hjemme	være tilfreds med en beskæftigelse fordi den passer godt sammen med ens tanker og ønsker
59006426	sætte ræven til at vogte gæs	overlade behandlingen af en sag til nogen der selv har en åbenlys interesse i et bestemt udfald
59010388	frem og tilbage er lige langt	bruges for at udtrykke ærgrelse over at der ikke er sket fremskridt trods mange anstrengelser
59011307	mange bække små gør en stor å	mange mindre forekomster, bidrag eller lignende som hver for sig ikke udgør noget særligt, kan tilsammen udgøre noget stort eller på anden måde betydningsfuldt
59008925	gå op i sømmene	bryde psykisk sammen; gå amok
59005041	glat som en ål	undvigende og svær at fastholde i en diskussion; upålidelig
59000594	falde nogen for brystet	virke oprørende eller stødende på nogen; vække nogens modvilje eller betænkelighed
59003623	mele sin egen kage	pleje sine egne interesser uden at tage hensyn til andre; kun tænke på sig selv
59006770	holde nogen til ilden	sørge for at fastholde nogens interesse eller indsats for noget
59012809	gå forkert i byen	tage fejl
59007576	det er ikke raketvidenskab	det er ikke særlig kompliceret, avanceret eller svært at forstå
59004891	kaste nogen for løverne	udsætte nogen for en meget ubehagelig behandling
59006534	spænde ben	lægge hindringer i vejen for noget; gøre noget vanskeligt eller umuligt for nogen
59011846	ikke ane hvilket ben man skal stå på	ikke vide hvordan man skal reagere i en bestemt situation; være stærkt i tvivl om sin holdning til en sag
59003451	slå hånden af nogen	svigte nogen ved fx at afbryde kontakten med vedkommende
59003701	rande under øjnene	hudparti af mørkere farve under øjnene fx pga. træthed
59013038	hellere ville brække en arm på langs end ..	bruges som udtryk for at nogen stiller sig totalt afvisende
59003351	køre sit eget løb	være ligeglad med andre på en uansvarlig måde; ikke bidrage til fællesskabet
59011182	skide grønne grise	være meget bange, nervøs eller lignende
59008629	åbne for sluserne	lade noget flyde frit og voldsomt; give frit løb for noget
59005299	operationen lykkedes, men patienten døde	bruges for at udtrykke at der er blevet brugt mange resurser på at opnå et resultat der ikke er tilfredsstillende eller decideret strider mod det ønskede
59003629	efter alle kunstens regler	på den bedst tænkelige eller mulige måde; så alle tænkelige regler og normer er overholdt
59007724	holde nogen på pinebænken	sætte nogen i en situation hvor vedkommende meget utålmodigt er nødt til at vente på noget, fx at få vished eller få indfriet sine forventninger
59004504	ude på dybt vand	i en usikker, risikofyldt eller vanskelig situation; i knibe
59013025	det skal du længere ud på landet med	bruges for at udtrykke at man ikke tror på det samtalepartneren siger, fordi det er for usandsynligt eller løgnagtigt
59004154	sætte kroner og øre på noget	fastsætte en pris på noget; præcisere et beløb
59004457	ligeved og næsten slår ingen mand af hesten	hvis man har ramt forbi eller lidt nederlag, er det ligegyldigt hvor meget eller lidt man har fejlet
59003974	underskrive sin egen dødsdom	handle således at konsekvenserne for éns eksistens, anseelse eller lignende bliver meget alvorlige
59010199	have et horn i siden på	være vred på; bære nag til
59005297	have flossede kanter	have visse fejl og mangler som ikke tidligere var der
59005657	komme ud af fjerene	(med besvær) stå ud af sin seng om morgenen
59003297	få svesken på disken	meddele noget åbent og uden omsvøb; få sandheden på bordet
59012940	tone rent flag	åbent og ærligt give udtryk for sine holdninger eller hensigter i stedet for at lægge skjul på dem
59007713	drikke nogen under bordet	drikke alkoholiske drikke (om kap) sammen med nogen så denne drikker for meget
59009982	smage som at række tungen ud ad vinduet	ikke smage af noget; være kedelig eller uinteressant i smagen
59011753	sætte kikkerten for det blinde øje	undlade at bemærke eller reagere på noget, fx som udtryk for forsømmelighed, overbærenhed eller for at undgå noget ubehageligt
59010245	vippe af sadlen	fjerne fra en post, en stilling eller lignende
59000874	riste over en sagte ild	udsætte for et langvarigt og ubehageligt pres
59010129	kunne tælles på én hånd	findes i et meget lille antal (fem eller færre)
59011601	sælge sand i Sahara	være meget dygtig til at sælge, især en vare som allerede findes til overflod og derfor ikke er efterspurgt
59001151	lægge kortene på bordet	fremlægge en hidtil hemmeligholdt viden om en sag
59013019	stikke hovedet i busken	lukke øjnene for virkeligheden; undlade at forsøge at løse problemerne
59000625	være nogens forlængede arm	optræde som betroet og loyal repræsentant for en overordnet autoritet
59008079	en streg i regningen	en uventet og uønsket hændelse, handling eller lignende
59002397	ikke født i går	ikke dum eller naiv; ikke uden evner
59004680	hænge ved nogens læber	lytte spændt, opmærksomt og ofte hengivent til nogen
59003695	surt løg	person som man synes er sur, fornærmet, kritisk, snerpet eller lignende
59012465	det rager mig en fjer	det interesserer eller bekymrer mig ikke det mindste
59011931	sætte sig på den høje hest	(begynde at) opføre sig overlegent
59010835	tage noget tungt	ærgre sig over noget eller være ked af noget
59004061	koste en bondegård	koste mange penge; være dyr
59009761	løvens gab	meget farligt eller ubehageligt sted
59006152	nære en slange ved sin barm	være venlig over for eller lave aftaler med nogen som senere opfører sig fjendtligt over for én
59000136	spille med skjulte kort	være hemmelighedsfuld eller uærlig mht. det man foretager sig
59011312	hverken vådt eller tørt	hverken noget drikkeligt eller noget spiseligt
59000428	naturens muntre søn	mand eller dreng med et glad, ukompliceret eller oprindeligt væsen
59000880	en tynd kop te	noget som man synes er overfladisk, uinteressant eller uden vægtigt indhold
59000616	jeg vil æde min hat på ..	bruges for at forsikre tilhøreren om at ens formodning i en bestemt sag er rigtig
59012617	én gang skal jo være den første	på et eller andet tidspunkt skal man gøre noget som man ikke har gjort før
59003624	trække en kanin op af hatten	gøre noget overraskende, fx komme med en ny og uventet oplysning i en debat for at skabe opmærksomhed
59012823	vide hvordan landet ligger	være klar over den aktuelle situation
59002255	ingen kender dagen før solen går ned	først når dagen er forbi, kan man vide hvad den har bragt
59005327	ikke vide hvor man skal ende og begynde	ikke vide hvordan man skal handle eller komme i gang med noget
59004080	lægge ansigtet i de rette folder	antage en mine som passer til lejligheden
59005454	i sit ansigts sved	under store anstrengelser
59005319	skære nogen i hjertet	gøre nogen ked af det; vække nogens medynk
59004641	en gave fra himlen	en uventet, men yderst kærkommen begivenhed eller hændelse
59011445	klæde sig i sæk og aske	vise tegn på anger eller sorg
59006693	bevæbnet til tænderne	udstyret med mange våben
59005780	have mange bolde i luften	beskæftige sig med mange forskellige ting samtidig
59000622	løbe åbne døre ind	overbevise nogen om noget vedkommende allerede mener; fortsætte en aktivitet efter den ikke længere er relevant; kæmpe en kamp der allerede er vundet
59009730	kvæle i fødslen	hindre eller bekæmpe noget inden det når at udvikle sig
59005336	de tusind søers land	Finland
59004948	slå nogen oven i hovedet med noget	argumentere (voldsomt) mod en andens mening, fx ved at fremhæve sin egen viden eller ved at fremføre indiskutable oplysninger
59006905	sommerfuglestøv på vingerne	uskyldighed; uberørthed
59003608	nogen vender bøtten	forholdet vendes om; noget tager en ny (og modsat) vending eller drejning
59000785	være med på noderne	følge med i hvad der sker i tiden; følge moden
59007906	skille klinten fra hveden	sortere det dårlige fra det gode
59007484	æblet falder ikke langt fra stammen	børn vælger ofte samme levevej eller har samme interesser som deres far eller mor
59002636	tale lige ud af posen	sige noget helt ærligt og uden omsvøb
59000957	slå hovedet på sømmet	være afgørende eller udslagsgivende
59009587	der falder brænde ned	nogen bliver eller vil blive skældt voldsomt ud pga. en begået forseelse
59007587	rasle med sablen	true med anvendelse af (militære eller politiske) magtmidler
59003447	som en åben bog	uden besvær
59011464	Rom blev ikke bygget på en dag	store projekter er meget tidskrævende
59004562	fange nogen på det forkerte ben	overrumple nogen så vedkommende ikke kan nå at reagere hurtigt og rigtigt
59004848	bide sig selv i halen	være uden løsning fordi løsningen uundgåeligt vil afføde et andet (nært beslægtet) problem
59002380	gå på krum arm	gå tæt omslyngede; være kærester
59003692	jorden brænder under nogen	nogen er i en presset eller faretruende situation
59011725	holde gryden i kog	gøre noget for at holde en interesse eller et engagement ved lige eller en aktivitet i gang
59010863	spille med åbne kort	være åben og ærlig mht. det man foretager sig
59005981	kaste perler for svin	bortødsle noget værdifuldt på nogen der ikke forstår at værdsætte det
59000605	skyde over målet	ikke være rammende i sine udtalelser; overdrive
59011035	der er ikke nogen hjemme	nogen er ikke særlig smart eller intelligent; nogen er (lidt) dum
59010616	holde snuden fra noget	blande sig udenom; holde sig væk fra noget
59006068	verdens tag	meget højtliggende bjergområde, især (land eller område i) Himalaya eller Pamir
59009666	gammel vin på nye flasker	noget allerede velkendt som man ændrer lidt og forsøger at præsentere som noget nyt
59007129	til ingen verdens nytte	overhovedet ikke til nytte; helt overflødigt eller forgæves
59001219	mosekonen brygger	det er tåget
59003840	alle veje fører til Rom	man kan komme frem til et mål på mange måder
59003462	helt nede i kælderen	i en tilstand præget af dårligt humør, sorg, depression eller lignende
59007961	der kom en mand med en slæde i vejen	der dukkede pludselige eller uforudsete forhindringer op
59003865	give faklen videre	overlade et hverv, fx en formands- eller ministerpost
59007147	ved sine fulde fem	i stand til at tænke klart; tilregnelig
59008515	give den en skalle	gøre en kraftig arbejdsindsats
59000848	ikke give ved dørene	ikke være særlig gavmild; ikke lade nogen få noget for nemt
59000559	kunne ligge på et meget lille sted	have et meget begrænset omfang
59004174	en orm gnaver	noget nager én i længere tid
59002094	bide skeer med	have at gøre med; handle eller arbejde sammen med; konkurrere med
59009763	kært barn har mange navne	en person, en ting eller et fænomen som man godt kan lide eller interesserer sig for, har mange betegnelser
59004370	skære ind til benet	reducere omkostningerne til noget mest muligt
59011085	sætte sin hat som man vil	opføre eller udfolde sig uden hensyntagen til gængse normer; gøre som man vil
59004683	være stor i munden	bruge store ord når man taler
59009597	feje for sin egen dør	rette egne fejl og mangler før man blander sig i andres
59002202	skulle bæres ud med fødderne først	først forlade et sted eller holde op med en aktivitet når andre tvinger én dertil, eller når man dør
59005154	en kærlig hånd	bruges i udtryk om at nogen yder eller bør yde en engageret indsats for at hjælpe nogen, for at reparere noget, eller lignende
59000115	rive sig i håret	udtrykke sin fortvivlelse
59012434	hverken fugl eller fisk	hverken det ene eller det andet; ikke tilstrækkelig; ikke anvendelig
59004740	kende noget som sin egen bukselomme	kende noget særdeles godt
59012130	der er ikke noget at rafle om	intet er overladt til tilfældighederne; der er ikke noget at diskutere
59010439	lade falde hvad ikke kan stå	det der ikke kan klare sig eller lade sig gøre, må opgives, kasseres osv.
59002198	ikke lige være nogens nummer	ikke falde i en persons smag
59001865	ikke kunne stikke en pind i en lort uden at ødelægge begge dele	være fummelfingret eller upraktisk anlagt
59001424	blive taget med fingrene i kagedåsen	blive overrasket eller afsløret i at gøre noget ulovligt eller umoralsk
59004107	komme fra et hjem med klaver	komme fra et (velstillet) hjem med kulturelle interesser
59001197	rydde noget af vejen	fjerne eller overvinde et problem, en hindring eller lignende
59010202	stikke hovederne sammen	lægge planer i hemmelighed eller fortrolighed; hviske (bag nogens ryg); træffe aftaler
59003671	have gelé i knæene	være i en ekstrem situation fysisk eller psykisk pga. fx overanstrengelse, nervøsitet eller forventning
59010198	have et ben i hver lejr	have sympati eller interessefællesskab med begge (eller alle) de uenige parter
59013054	være en flue på væggen	diskret eller ubemærket overvære noget
59012561	krumme et hår på nogens hoved	gøre nogen fortræd; genere nogen
59009275	gå på med krum hals	ufortrødent og ihærdigt gå i gang med en (vanskelig) opgave
59003207	en bid af kagen	en andel af noget fordelagtigt, især et økonomisk udbytte
59006350	der er mere mellem himmel og jord	man skal ikke afvise det tilsyneladende uforklarlige blot fordi man ikke kan fatte det med sin begrænsede forstand
59007609	det tager en krig	det tager meget lang tid
59007787	det er ikke mit bord	det er ikke mit område eller ansvar
59007936	ligne noget katten har slæbt ind	se forfærdelig ud
59006251	stikke noget under stolen	skjule, hemmeligholde eller fortie noget
59004858	være godt skåret for tungebåndet	have gode talegaver; kunne tale godt for sig
59011615	have fået det forkerte ben ud af sengen	være i dårligt humør lige fra morgenstunden
59007357	en strid om kejserens skæg	en strid om et spørgsmål der er ligegyldigt eller ikke kan afgøres
59003355	i den bedste af alle verdener	i en (tænkt) situation hvor alle afgørende forhold er så gode som de kan blive
59003613	koge suppe på noget	vedblivende og trættende behandle et velkendt og udtømt emne
59001965	bringe frem i lyset	blive/gøre synlig for offentligheden
59011096	ballonen revner	en illusion brister; noget går galt
59000846	bagsiden af medaljen	den negative side af noget positivt
59004176	have benzin i blodet	være glad for motorkøretøjer og for at køre (stærkt) i dem
59007481	danse på vulkaner	leve sorgløst selvom der er stor risiko for at noget går galt; optræde letsindigt
59004502	stoppe mens legen er god	holde op mens man stadig har succes, inden det går galt
59003698	det haster ikke mere end det jager	man kan tage det roligt; man behøver ikke at skynde sig så meget
59012097	til sidste blodsdråbe	indtil der ikke er mere liv
59009600	vide hvad klokken er	vide at noget alvorligt eller afgørende er sket; vide hvordan noget vil ende eller udvikle sig
59004182	have en ræv bag øret	være snu og udspekuleret
59001911	have ild i enden	fare omkring; være meget foretagsom
59009349	ikke alt der glimter, er guld	blot fordi noget ser ud til at være fint og værdifuldt, er det ikke ensbetydende med at det er det
59004882	en møllesten om halsen på nogen	en byrde eller belastning for nogen
59003323	give sorteper videre	lade nogle ubehagelige omstændigheder gå ud over andre; overlade ansvaret for en ubehagelig afgørelse til en anden
59000597	have rent mel i posen	ikke have noget at skjule; være uskyldig
59005949	få så hatten passer	få noget i rigelig mængde, fx kritik, skældud eller alkohol
59000330	råbe vagt i gevær	advare mod en bestemt, farlig eller uheldig udvikling
59006723	bide i det sure æble	modvilligt gøre noget ubehageligt
59005136	koge suppe på en pølsepind	beskæftige sig med eller behandle et ubetydeligt eller overflødigt emne
59011117	være på trapperne	være nært forestående; snart komme
59012015	så slutter festen	på dette tidspunkt er det positive eller glædelige forbi
59000362	hænge i bremsen	ikke være så hurtig eller effektiv som normalt eller forventet
59003870	stikke næsen i sky	optræde overlegent
59007633	have en aktie i	være aktiv deltager i; have indflydelse på
59006354	træde op på den store klinge	anstrenge sig; arbejde hårdt
59009058	apostlenes heste	benene, brugt til at gå på
59007365	sejle på varmen	sejle i de varme lande, i troperne
59011487	spille fransk klovn	opføre sig (ufrivilligt) komisk
59008195	være som snydt ud af næsen på nogen	ligne en anden meget, især mht. udseende
59006148	en fjer i hatten	noget som man kan være stolt af; en triumf
59007637	gå nogen nærmere på klingen	presse nogen til at afsløre noget som vedkommende forsøger at skjule
59001229	luften går af ballonen	en begivenhed eller et fænomen bliver mindre spændende; nogen mister handlekraften eller interessen
59010532	en ulykke kommer sjældent alene	når noget går galt, kan man forvente at endnu mere går galt
59008304	de bredeste skuldre skal bære de tungeste byrder	de personer der tjener mest, bør betale mest til dækning af samfundets fælles udgifter
59000395	en køn plante	en uopdragen eller på anden måde ubehagelig person
59005131	slibe kanterne af nogen	få et menneske til at være lettere at omgås idet man sørger for at vedkommende efterhånden tilpasser sig
59002144	så let som at klø sig selv i nakken	uhyre nemt
59001120	have noget hængende over hovedet	have noget ubehageligt i vente; være i en presset situation, fx arbejdsmæssigt, tidsmæssigt eller økonomisk
59013017	det er for sent at kaste brønden til når barnet er druknet	det er for sent at prøve at forhindre noget når skaden er sket
59001382	alt lykkes i en gasovn	alting kan lade sig gøre med de rigtige hjælpemidler eller under de rigtige betingelser
59002853	når man taler om solen, så skinner den	bruges for at udtrykke glad overraskelse når nogen man netop har talt om, uventet indfinder sig
59003026	klappe hesten	tage det roligt; slappe af; se tiden an
59001730	der falder skæl fra ens øjne	pludselig indser man noget, ofte en sags rette (og ubehagelige) sammenhæng
59004783	til at komme i papirmøllen	ubrugelig; kassabel
59005912	I må kalde mig Mads hvis ..	bruges som forsikring om at noget er eller vil vise sig at være usandt
59007472	det pulveriserende liv	samfundslivet eller erhvervslivet med den hektiske, opslidende aktivitet som det er forbundet med
59004556	lugten i bageriet	reglerne, forholdene og atmosfæren et bestemt sted
59005523	brændt barn skyr ilden	hvis man én gang er kommet galt af sted med noget, undgår man at indlade sig på det igen
59003374	klædt af til skindet	uden flere penge eller andre værdier tilbage
59010014	have rene hænder	være uskyldig i forbindelse med en uheldig, kritisabel eller kriminel udvikling eller foreteelse idet man har optrådt ærligt, lovlydigt og ubestikkeligt
59003035	have snuden i sporet	ihærdigt og vedholdende arbejde på at nå et mål man har sat sig for
59008903	når krybben er tom, bides hestene	når der er knaphed eller mangel på noget, opstår der konflikter mellem mennesker
59001172	bryde isen	nærme sig hinanden i ord eller handling; gøre stemningen uformel
59011376	stærk tobak	noget der er forargeligt, urimeligt, provokerende eller på anden måde gør stærkt indtryk
59005841	hovmod står for fald	en person der er hovmodig, lider let nederlag, ofte pga. sit hovmod
59000022	tage noget i stiv arm	bære modgang med styrke og sindsro
59003112	få en appelsin i turbanen	pludselig og uventet opnå noget fordelagtigt; have heldet med sig
59012127	sagen er bøf	sagen er i orden
59005388	grave sin egen grav	blive årsag til sin egen ulykke
59002317	heldig kartoffel	heldig eller lykkelig person
59005060	have bly i røven	være meget langsom
59011081	som at slå vand på en gås	uden virkning; forgæves
59008704	læse noget som Fanden læser Bibelen	læse noget med dårlig forståelse; udlægge noget til egen fordel uden at der er belæg for det
59010207	skumme fløden	tage fordelene eller det bedste ved noget, ofte på andres bekostning og uden at gøre sig fortjent til det
59001873	den sorte klap går ned	bruges for at udtrykke at en person pludselig ikke kan huske noget bestemt
59007913	slå op i banen	(pludselig) miste koncentrationen og evnen til at levere en god præstation; sætte farten ned og overlade initiativet til andre
59009167	sidste skud på stammen	person eller ting som er resultatet af den seneste udvikling inden for et område
59004357	tage benene på nakken	løbe (hurtigt) væk; stikke af; flygte
59000741	rydde nogen af vejen	slå nogen ihjel
59000389	kunne høre græsset gro	have en meget god hørelse
59012135	ryste som et espeløv	ryste meget, fx af skræk, ophidselse, nervøsitet eller kulde
59006815	vandene skilles	meningerne bliver forskellige (pga. noget); der opstår uenighed (pga. noget)
59002997	gå uden om noget som katten om den varme grød	forholde sig tøvende til en bestemt sag med en blandet følelse af interesse og ubehag
59003219	føre til torvs	gøre bekendt i en større kreds; offentliggøre
59005534	stikke næsen indenfor	vove sig et sted hen i kort tid; komme på et kort besøg
59004409	tung at danse med	vanskelig at have med at gøre, fx at få til at gøre noget
59001867	skræve mere end bukserne kan holde	prøve på at gøre noget som det viser sig man ikke kan gennemføre
59008459	blive lang i ansigtet	blive skuffet; føle sig snydt
59010604	male sig selv op i et hjørne	selvforskyldt komme i en fastlåst eller håbløs situation
59010839	hammeren falder	der sker noget som får afgørende og ofte skæbnesvangre følger
59000620	ligge lunt i svinget	være i en fordelagtig position
59001072	begge fødder på jorden	bruges i udtryk om at være nøgtern og realistisk
59003950	hvor længe var Adam i Paradis	bruges for at udtrykke at en god og lykkelig tilstand desværre kun var kortvarig
59011103	vide hvad vej vinden blæser	vide i hvilken retning en sag udvikler sig, og indrette sig derefter
59008950	holde skindet på næsen	lige netop klare en økonomisk betrængt situation; med nød og næppe klare en prekær situation
59004132	i nøden skal man kende sine venner	de rigtige venner er dem der holder fast ved én, selv i modgang
59005392	lige børn leger bedst	personer med nogenlunde samme sociale status, interesser eller lignende forliges eller samarbejder bedst
59005152	være på hælene	have problemer; være meget træt og nedslidt
59006967	blive vejet og fundet for let	blive vurderet og dernæst forkastet
59002699	hænge nogen langt ud af halsen	være uudholdeligt fordi man er træt af det
59005419	man ved hvad man har, men ikke hvad man får	man kan risikere at forandringer fører til en forværring i stedet for en forbedring
59009664	dér ligger hunden begravet	dér er det egentlige problem
59006359	ukrudt forgår ikke så let	nogen eller noget er sejlivet og trodser forventninger eller håb om udslettelse
59005451	man skal ikke kaste med sten når man selv bor i et glashus	man skal ikke beskylde eller kritisere nogen for noget som man selv (til en vis grad) kan beskyldes eller kritiseres for
59004831	skyde en hvid pind efter	opgive ønsket eller drømmen om
59009340	have en heldig hånd	være dygtig og heldig i en bestemt sag eller i en bestemt henseende
59011302	sidde med livet i hænderne	være meget nervøs, spændt eller bange
59002721	have flere strenge at spille på	være alsidig; have mange talenter, evner eller muligheder (og dermed befinde sig i en gunstig situation)
59004417	der er forår i luften	der er tegn på eller antydninger af forår (øretæver, amoriner, ..)
59011932	vand på nogens mølle	noget der passer godt med nogens ønsker, hensigter eller meninger
59012826	lang som et ondt år	meget lang
59012515	alt hvad remmer og tøj kan holde	så hurtigt eller kraftfuldt som muligt
59004850	se sol, måne og stjerner	være i en tilstand af stor nydelse eller stor smerte
59002251	have foden under eget bord	have sit eget hjem eller sin egen virksomhed
59005192	gale katte får revne skind	personer der handler ubetænksomt og voldsomt, kommer let til skade
59006418	love guld og grønne skove	love rigdom, materielle eller andre goder, dog uden at der nødvendigvis er dækning for løfterne
59004807	finde sine egne ben	finde ud af hvad man mener om en bestemt sag
59004558	slag i ansigtet	krænkelse; nederlag
59000256	slå til søren	bruge (mange) penge
59004824	spænde livremmen ind	spare; indskrænke forbruget
59008022	den vej skal vi alle	vi skal alle dø
59003298	være over alle bjerge	være så langt væk allerede at det er håbløst at optage forfølgelsen
59004479	have ordet i sin magt	være dygtig til at formulere sig
59001164	på éns glatte ansigt	med et tillidvækkende ydre som eneste garanti
59000603	gå op i limningen	bryde sammen fysisk eller psykisk; ophøre (med at eksistere)
59005461	plejer er død	man behøver ikke nødvendigvis gøre som man plejer; denne gang gør vi det på en anden måde
59001691	der er ingen ko på isen	der er ingen problemer eller fare
59006714	ride med på en bølge	følge en modestrømning på en uselvstændig måde
59004477	give den hele armen	gøre noget med stor energi eller anstrengelse
59011738	i sin visdom	bruges ofte ironisk for at udtrykke at man mener at nogen har begået en fejl, opført sig tåbeligt eller lignende
59004373	save den gren over man selv sidder på	handle til skade for sig selv; ødelægge sine muligheder for fortsat beskæftigelse
59011094	have en skarp tunge	tale hårdt og direkte og med hvasse, kritiske bemærkninger
59012931	eneste høne i kurven	eneste kvinde i en gruppe eller forsamling
59010580	brænde alle broer bag sig	bryde helt med sin fortid; afskære sig fra at vende tilbage til noget eller nogen
59002745	enhver er sig selv nærmest	mennesket tænker først og fremmest på sin egen fordel når det skal vælge
59011205	ikke ride den dag man sadler	være længe om at skride til konkret handling; være længe om at træffe en beslutning
59005130	slikke frimærker	udføre underordnet, ensformigt kontorarbejde
59012185	træerne vokser ikke ind i himlen	en enkelt succes er ingen garanti for fortsat fremgang
59000842	vende vrangen ud	vise en ukendt, ofte ubehagelig eller problematisk, men sand side af noget eller nogen, evt. sig selv
59007157	have bly i benene	have svært ved at bevæge sig pga. træthed eller lignende
59000966	rive hovedet af nogen	give nogen en voldsom irettesættelse; skælde nogen ud
59005323	tyv tror hvermand stjæler	bruges om en person som tillægger andre personer sine egne fejl og svagheder
59000887	på et hængende hår	med nød og næppe; kun lige akkurat
59004511	fare rundt som en flue i en flaske	fare (forvirret) rundt; have meget travlt
59012977	som skidt fra en spædekalv	hurtigt og i en stor mængde
59005660	blod er tykkere end vand	folk man er beslægtet med, vil altid have en fortrinsstilling
59004461	himmel og jord står i ét	det er et voldsomt uvejr med storm og regn eller sne
59002674	ikke kunne se en hånd for sig	ikke kunne se noget pga. mørke, tåge, snevejr eller lignende
59012356	man skal kravle før man kan gå	man bør begynde med simple og elementære opgaver før man giver sig i kast med komplicerede
59002193	tage brødet ud af munden på nogen	forhindre nogen i at arbejde og tjene penge; gøre nogen arbejdsløs
59013103	hverken til at hugge eller stikke i	umulig at overtale eller få til at skifte mening
59004782	arbejde som en hest	arbejde meget hårdt og indædt
59011865	for nogens blå øjnes skyld	bruges for at udtrykke at noget der ydes, udelukkende ydes af hensyn til modtageren uden fordel for giveren
59003616	løbe hornene af sig	udfolde sig energisk, især kropsligt eller seksuelt, i en tidlig fase af et forløb for siden at falde til ro
59011893	om smagen kan der ikke diskuteres	det er nytteløst at forsøge at nå til enighed om noget der grundlæggende er et spørgsmål om hvad den enkelte foretrækker
59007701	have nerverne uden på tøjet	være synligt nervøs
59007696	have bukserne på	være den der bestemmer; være den dominerende part
59010897	slå en streg over noget	se bort fra noget; lade som om noget ikke er sket
59004866	spænde buen for hårdt	stille for store krav eller forventninger
59011742	lægge alle sine æg i samme kurv	kun satse på én mulighed og dermed løbe en risiko
59004099	fare i blækhuset	reagere vredt eller kritisk på noget ved at skrive et indlæg imod det (især i form af et læserbrev)
59000977	søbe den kål man selv har spyttet i	(være nødt til at) acceptere noget man tidligere har forkastet
59005116	støde nogen på manchetterne	fornærme eller krænke nogen
59002375	det skriger til himlen	det er uhyrligt, skandaløst og dybt rystende og kræver øjeblikkelig indgriben
59004507	sur røv	bruges om en meget uheldig eller ærgerlig situation
59003628	det hører man ikke når musikken spiller	det gør ikke så meget; det vil ingen lægge mærke til
59008349	som at se maling tørre	bruges især i sammenlignende konstruktioner for at betegne et fænomen eller en aktivitet som meget kedelig
59007981	en storm i et glas vand	voldsomt røre pga. en bagatel
59005907	stege i sit eget fedt	tage de ubehagelige følger af sine handlinger eller udtalelser
59006002	miraklernes tid er ikke forbi	der er stadigvæk håb; der kan stadigvæk ske særdeles overraskende ting
59005573	bukke begge ender sammen på	give en omgang tæsk
59002320	med det yderste af neglene	med nød og næppe; kun lige akkurat
59003284	ride sin kæphest	(igen) give udtryk for sin velkendte mening eller tale om et bestemt emne
59009419	en hård nød at knække	vanskelig opgave eller situation
59001614	gøre kål på	tilintetgøre; vinde over
59007270	det går ikke altid som præsten prædiker	tingene udvikler sig ikke altid sådan som man havde regnet med
59001661	gnide sig op ad nogen	være påtrængende og indsmigrende
59004915	hår i suppen	mindre fejl eller skavank; ubetydelig detalje
59012245	træde nogen over tæerne	fornærme eller på anden vis optræde respektløst eller stødende
59004114	tage skeen i den anden hånd	ændre fremgangsmåde, taktik eller adfærd (fordi den tidligere anvendte er uønsket, har vist sig uheldig eller lignende)
59006753	man kan også købe guld for dyrt	det at blive velhavende kan have for store menneskelige omkostninger, fx tabet af væsentlige åndelige værdier
59012618	rønnebærrene er sure	bruges om det at man omtaler noget ellers attraktivt som værdiløst eller ligegyldigt når man ikke selv kan opnå det
59009845	passe som fod i hose	passe godt; gå meget nemt
59004704	nerverne står på højkant	nogen er meget nervøs og anspændt
59010882	tro som guld	meget trofast
59012819	tælle på knapperne	være i tvivl om hvad man skal beslutte sig for; være i vildrede
59006699	der er intet nyt under solen	bruges for at udtrykke at der ikke er betydningsfulde nyheder eller forandringer
59000262	en gang til for prins Knud	bruges når man gentager noget eller siger det ekstra tydeligt fordi samtalepartneren er lidt tungt opfattende
59004365	krage søger mage	man har tilbøjelighed til at omgås ligesindede
59003273	ønske nogen hen hvor peberet gror	ønske at nogen befandt sig meget langt væk så man slap for dét besvær
59002360	rotterne forlader den synkende skude	nogen trækker sig ud af et forehavende fordi det er på vej til at mislykkes
59004879	så god som dagen er lang	ualmindelig sød og rar
59001715	sætte fingeren på det ømme punkt	finde og gøre opmærksom på et punkt hvor der er et problem, eller hvor noget eller nogen kan kritiseres
59006727	skyde gråspurve med kanoner	bruge alt for stærke midler i forhold til situationen; overdrive; overreagere
59004681	de gode græd, og de onde lo	bruges som ironisk kommentar i en situation hvor man beklager at de gode kræfter led nederlag
59004454	én svale gør ingen sommer	ét eksempel på noget positivt medfører ikke nødvendigvis en generel bedring
59012331	tage en kugle for nogen	påtage sig en ubehagelig og evt. skæbnesvanger opgave sådan at en anden slipper for den
59006807	have både til gården og til gaden	have en stor bagdel og en stor barm
59008312	for mange kokke fordærver maden	hvis (for) mange personer deltager i noget, risikerer det at medføre et dårligt resultat
59012795	trække læsset	gøre den største og mest besværlige del af arbejdet
59003737	spise kirsebær med de store	omgås eller konkurrere med sine overmænd
59004837	have en trumf i ærmet	råde over et (hemmeligt) middel der kan bringe en i en fordelagtig situation
59004561	en fis i en hornlygte	opblæst bagatel; flop, fiasko; en gang vrøvl
59009097	være grebet ud af luften	være uden grundlag i virkeligheden; være frit opfundet
59000319	stikke halen mellem benene	stikke af eller opgive et forehavende fordi man er bange, har problemer eller lignende
59007934	have en lille fjer på	være lidt beruset
59012165	veje sine ord på en guldvægt	tænke nøje over hvordan man formulerer sig
59005686	surt show	bruges som kommentar til en meget uheldig eller ærgerlig situation
59012136	have nogen nede i sækken	være i klar vinderposition i en sportskamp idet man fuldstændig kontrollerer sin modstander
59005479	gå gennem ild og vand	gøre alt hvad der står i ens magt
59004780	se gennem fingrene med noget	lade være med at påtale en forsyndelse, fejl, mangel eller anden uregelmæssighed og på den måde vise overbærenhed
59005147	sætte en finger på noget	finde og udpege noget som årsag til en udvikling eller som hovedpunkt i en bestemt sammenhæng
59012877	hælde ned ad brættet	afvise fuldstændig
59005094	erfaren mand er god at gæste	af erfarne folk får man gode råd
59000965	hverken hoved eller hale	bruges for at udtrykke at noget er usammenhængende eller mangler idé og struktur
59007471	man må krybe før man kan gå	man bør begynde med simple og elementære opgaver før man giver sig i kast med komplicerede
59011723	give nogen horn i panden	bedrage en mand ved at have et seksuelt forhold til hans kone
59000995	ligge på den flade hånd	være helt oplagt eller umiddelbart tilgængelig
59007865	fuglen er fløjet	en bestemt (kriminel, eftersøgt) person er forsvundet
59006181	trække fronterne op	understrege uenigheden mellem to uforsonlige parter
59010389	forbuden frugt smager bedst	det er det man ikke har lov til, der virker mest tiltrækkende
59002999	gå i vasken	mislykkes fuldstændig; ikke blive til noget
59001177	jokke i spinaten	utilsigtet sige eller gøre noget dumt
59013164	klappe i sine små hænder	udtrykke (ukritisk) begejstring
59000003	oven i hatten	uden at man har ydet en indsats eller betalt for noget bestemt; som supplement til det man har fået
59001639	en hund i et spil kegler	person, genstand eller lignende der virker fremmed eller malplaceret i en bestemt sammenhæng
59008448	ingen kæde er stærkere end det svageste led	selv det bedste er utilstrækkeligt hvis blot en enkelt detalje er mangelfuld
59009844	tab og vind med samme sind	man bør ikke tage et nederlag for tungt, lige så lidt som man bør hovere over en sejr
59003566	ondt i håret	ondt i hovedet; tømmermænd
59001315	brede sig som ringe i vandet	blive mere og mere omfattende; udvikle sig hurtigt og uimodståeligt
59012235	blive slap i knæene	blive svag og eftergivende; blive overvældet af en følelse af ømhed, forelskelse eller lignende
59006771	lade en dør stå på klem	holde en mulighed åben
59009779	ikke kunne høre hvad man selv tænker	være omgivet af larm eller højrøstet snak så man ikke kan koncentrere sig
59009896	uden for pædagogisk rækkevidde	i en tilstand hvor ingen former for henvendelser eller sanktioner gør indtryk på én
59001307	være oppe på lakridserne	være energisk, opmærksom og opsat på at yde sit bedste
59000840	fyre kanonen af	skyde på mål i fodbold eller håndbold; ramme bolden hårdt i boldspil
59010074	tage med fløjlshandsker på nogen	behandle nogen blidt og nænsomt; tage særligt hensyn til nogen
59011722	det muntre køkken	bruges om en ustyrlig, meget livlig og evt. ødelæggende aktivitet eller gruppe af personer
59008924	smøge ærmerne op	ufortrødent og energisk gå i gang med en (svær) opgave
59013005	gå hen over hovedet på nogen	ikke blive forstået af nogen
59011897	springe over hvor gærdet er lavest	anstrenge sig mindst muligt for at opnå noget; vælge den nemmeste løsning
59006398	nogens hjerte springer et slag over	nogen bliver overrumplet af en stærk følelse, fx angst, glæde eller spænding
59006769	lege med ilden	foretage sig noget som man godt ved kan blive farligt eller få uheldige konsekvenser
59004111	over hals og hoved	hurtigt og uden tid til forberedelse
59009352	den der gemmer til natten, gemmer til katten	hvis man går og gemmer på sine værdier eller lignende til fremtiden, er der risiko for at man aldrig får gavn af dem
59011872	tage arven op efter nogen	stå ved sine forpligtelser i forhold til fortid eller oprindelse
59004438	slå sig på flasken	begynde at drikke meget alkohol (regelmæssigt); blive alkoholiker
59003377	mens græsset gror, dør horsemor	noget tager så lang tid at man ikke når det mål man har sat sig
59003864	det store dyr i åbenbaringen	noget som er nyt og anderledes, og som på kort tid har fået stor positiv eller negativ indflydelse inden for et bestemt (fagligt) område
59001425	gå i hundene	gå til grunde økonomisk, socialt og fysisk, ofte i forbindelse med alkoholmisbrug
59001193	ramme på kornet	beskrive præcist og rammende; ramme et ømt punkt hos nogen
59003978	sætte nogen fluer i hovedet	få nogen til at tro på en umulig plan eller fremtidsdrøm; give nogen falske forhåbninger
59009662	være i sikre hænder	være i sikkerhed eller under god behandling hos kyndige eller venlige mennesker
59007115	fare i flæsket på	komme i håndgemæng eller slåskamp med
59004442	smide over bord	sætte ud af kraft; kassere
59003269	gribe i egen barm	erkende egne fejl inden man påtaler andres; være selvkritisk
59013140	én på torsken	en lussing; et slag i hovedet
59013219	tage med sig i graven	ikke afsløre en hemmelighed eller lignende mens man lever
59010149	komme godt fra land	komme godt i gang; få en god start, især i en sportskamp eller -turnering
59007653	lægge to og to sammen	regne noget ud eller forstå noget der egentlig er ret simpelt
59011812	ofre noget på kærlighedens alter	give afkald på noget værdifuldt til fordel for kærligheden
59004679	bange for sin egen skygge	meget eller overdrevent nervøs eller utryg
59012612	det grå guld	modne og ældre personer (med gråt hår) betragtet som værdifuld arbejdskraft, fx pga. deres erfaring og stabilitet
59008372	spil for galleriet	teatralsk eller hyklerisk optræden, især for at behage nogen
59004098	en pind til nogens el. nogets ligkiste	en medvirkende årsag til en (uheldig, ulykkelig eller uønsket) afslutning på et forløb, en karriere eller lignende
59002254	sidde klistret til skærmen	være stærkt optaget af at se fjernsyn
59002216	krybe i et musehul	(i tankerne) skjule sig fordi man føler sig pinligt berørt
59000978	kun en tåbe frygter ikke havet	man skal være meget forsigtig når man har med havet at gøre
59011866	forslå som en skrædder i helvede	være helt utilstrækkeligt i en bestemt henseende
59011456	det melder historien ikke noget om	noget bestemt hører ikke til beretningen eller sagen, fx fordi det er uvedkommende, hemmeligt eller omstridt
59008919	have fat i den lange ende	være på sporet af en sags rette sammenhæng; være inde på noget af det rigtige
59012594	den der sår vind, høster storm	den der kritiserer nogen eller gør nogen fortræd, rammes selv endnu hårdere
59008517	tisse i bukserne for at holde varmen	gøre noget der hjælper på kort sigt, men forværrer tingene på langt sigt
59003666	tage nogen ved vingebenet	give nogen en kraftig irettesættelse; udsætte nogen for stærk kritik
59009394	hvis og hvis min røv var spids	bruges for at afvise samtalepartnerens forbehold og bekymrede forestillinger om fremtiden
59000325	prinsen på den hvide hest	attraktiv mand som man drømmer om at have et romantisk forhold til
59010528	have meget om ørerne	have travlt
59007108	vælte læsset	forhindre noget i at lykkes; ødelægge noget
59004300	stikke en kniv i ryggen på nogen	angribe nogen som tror at angriberen er en forbundsfælle
59003694	stille sig på bagbenene	være modvillig eller genstridig; (prøve at) forhindre noget
59004732	slag i bolledejen	energisk, utraditionel og undertiden provokerende fremgangsmåde, handling eller lignende
59004492	være en spurv i tranedans	ikke være så fornem som de andre; deltage i noget man ikke er egnet til
59011848	lukke for det varme vand	ikke ville yde mere af noget
59001743	vente på at stegte duer skal flyve ind i munden på én	vente på eller regne med at livets goder kommer til én uden at man skal yde noget særligt for at opnå dem
59004181	sætte til vægs	besejre, overvinde; forhindre i at gøre sig gældende
59004509	en klods om benet på nogen	person, genstand eller anden omstændighed der gør nogen ufri eller er til besvær
59007476	gå ud af sit gode skind	være psykisk ude af balance af vrede, sorg, nervøsitet, irritation, længsel eller lignende
59006533	smide barnet ud med badevandet	ødelægge noget værdifuldt idet man forkaster eller ændrer noget andet
59006351	hu hej vilde dyr	bruges for at udtrykke at noget foregår med stor fart, eller at noget haster
59012151	toppen af isbjerget	en lille del af noget meget større, ofte noget ubehageligt
59005676	hver fugl synger med sit næb	enhver har sin særegne måde at udtrykke sig på
59006964	slå koldt vand i blodet	dæmpe sin ophidselse eller begejstring; tage det roligt
59006869	når der er to torsdage i en uge	bruges for at udtrykke at noget er helt usandsynligt
59009706	krig på kniven	situation med skærpet konkurrence eller fjendtlighed mellem to parter
59012548	med et glimt i øjet	med udstråling af humor og afslappet indstilling
59006417	kunne bide tungen af sig selv	fortryde at have sagt en bestemt bemærkning
59007677	man kan ikke både blæse og have mel i munden	man kan ikke på samme tid gøre to ting der er indbyrdes forskellige eller uforenelige
59002218	man har et standpunkt til man tager et nyt	omstændighederne kan gøre det nødvendigt, relevant eller praktisk (pludselig) at skifte mening eller holdning
59006010	være en hund efter noget	have stor interesse for eller lyst til noget
59001192	der går et lys op for nogen	nogen forstår eller erkender pludselig
59009630	sælge nogen en trepattet ko	få nogen til at acceptere noget ved at foregive at det er noget andet end det er; snyde nogen
59009162	gøre en myg til en elefant	overdrive; tillægge en lille sag (for) stor betydning
59006836	gå over åen efter vand	gøre noget mere besværligt end man behøver; udføre unødvendigt arbejde
59007100	ingen kan tjene to herrer	man er nødt til at træffe et valg; man kan ikke gå aktivt og helhjertet ind for flere helt forskellige sager
59006904	bide tænderne sammen	tage sig sammen og undertrykke sine egentlige følelser for at klare en vanskelig situation
59007774	skulle have noget ind med skeer	skulle have noget forklaret på en langsom og udførlig måde (fordi man er langsomt opfattende)
59003542	lægge hovedet i blød	tænke sig godt om for at finde en løsning eller få en idé
59000886	pynte sig med lånte fjer	tage æren for andres præstationer
59001191	det er mig, sagde hunden	bruges som bagatelliserende udtryk når man nævner sig selv i en sammenhæng hvor også andre indgår
59001615	gå op i hat og briller	udvikle sig i en utilsigtet, ofte løssluppen eller komisk retning
59004097	stå med håret i postkassen	være i en problematisk situation hvor man føler sig magtesløs, evt. som følge af at man er blevet skuffet, svigtet eller narret
59003474	smile i skægget	more sig på en underfundig eller skadefro måde
59000314	gyde olie på vandene	dæmpe ophidselse og strid
59003697	den der graver en grav for andre, falder selv i den	den person der lægger planer om at narre eller skade en anden, risikerer selv at blive offer for disse planer
59001616	lykken står den kække bi	dristige, frejdige mennesker er ofte også heldige
59003214	kræve nogens hoved på et fad	kræve at nogen bliver straffet, afskediget eller lignende (pga. en forseelse)
59010597	bringe blodet i kog	gøre rasende eller (seksuelt) ophidset
59004146	tage bladet fra munden	sige sin mening rent ud
59004105	kolos på lerfødder	noget stort som udadtil virker solidt og magtfuldt, men som i virkeligheden er skrøbeligt
59011963	slå ind på en anden vej	ændre sin tilgang eller måde at agere på i forhold til et bestemt mål, typisk som reaktion på uventede omstændigheder eller for at opnå bedre resultater
59005320	støbe kuglerne	være den der udtænker, planlægger og styrer udførelsen af en idé
59010201	have krudt i røven	fare omkring; være meget foretagsom
59013194	ikke have en snebolds chance i helvede	ikke have den mindste chance for noget
59008888	når katten er ude, spiller musene på bordet	undlader man at holde opsyn, fører det til kåd opførsel og uorden
59010853	stirre sig blind på noget	koncentrere sig så meget om noget at man mister overblikket eller bliver ude af stand til at tage andre forhold i betragtning
59009594	der er løbet meget vand i stranden siden ..	der er sket meget siden ..; der er gået lang tid siden ..
59000867	slå til skaglerne	slå sig løs og more sig
59005442	øje for øje, tand for tand	hævnprincip der går ud på at man skal begå samme type skadelige handling mod nogen som vedkommende har begået mod en selv
59005691	håbet er lysegrønt	det er menneskets natur at bevare optimismen og se det positive
59005132	vende og dreje hver femøre	være meget sparsommelig
59011181	proppe noget ned i halsen på nogen	påtvinge nogen noget
59001617	tale for sin syge moster	snakke løs for at opnå noget bestemt, fremme sine egne interesser eller lignende
59005687	til den store guldmedalje	energisk, dygtigt eller med held
59003590	kaste under bussen	ofre eller forråde nogen for selv at få en fordel af det
59013109	holde næsen i plovfuren	arbejde med eller koncentrere sig om én ting på bekostning af alle andre
59001655	stampe op af jorden	skaffe eller samle til et bestemt formål, ofte hurtigt eller på vanskelige betingelser
59008422	svare i øst når der spørges i vest	svare på en måde der ikke giver mening i forhold til spørgsmålet
59007321	et greb i lommen	en større eller mindre sum penge som nogen har let ved at betale
59013122	smide gode penge efter dårlige	fortsætte med at bruge penge på et foretagende som er usikkert, eller som hidtil er mislykkedes
59000794	piben får en anden lyd	der sker en markant ændring, fx i nogens opførsel eller holdning
59011058	spille på flere heste	satse på flere forskellige muligheder samtidig
59000315	ikke syv vilde heste kan ..	absolut intet kan ..
59011857	den enes død, den andens brød	tab og ulykke der rammer nogen, kan være til gavn for andre
59006045	bære kappen på begge skuldre	holde sig gode venner med begge parter i en strid; udvise en tvetydig, upålidelig holdning