talemaade_udtryk,predicted_label
lægge låg på noget,1
snyde nogen så vandet driver,3
tale med store bogstaver,3
lang næse,1
slå knuder på tungen,0
hurtig hjælp er dobbelt hjælp,0
puste til ilden,2
måtte sige farvel til noget,0
et levende leksikon,1
ikke have salt til et æg,1
skinnet bedrager,1
ikke have opfundet den dybe tallerken,0
lokummet brænder,2
det er der ingen ben i,3
ramme muren,0
ikke have mange brikker at flytte rundt med,2
danse efter nogens pibe,2
det kommer ikke det smør ved,3
hælde vand ud af ørerne,2
vride halsen om på nogen,3
være på egen boldgade,2
male byen rød,0
løbet er kørt,2
"lev stærkt, dø ung",1
stryge med hårene,3
den rygende pistol,2
svæve over vandene,1
give en gang lak,2
være på bølgelængde,1
spille sine kort godt,2
viske tavlen ren,0
løbe om hjørner med,1
under én hat,3
så går den vilde jagt,3
uden mad og drikke duer helten ikke,0
ikke være mange sure sild værd,3
de bonede gulve,2
få beskidte hænder,2
hul på bylden,3
vejen til en mands hjerte går gennem maven,2
med næb og kløer,0
leve som hund og kat,2
give en god dag i noget,0
male fanden på væggen,2
være tynd i papirerne,2
synge på sidste vers,3
slå større brød op end man kan bage,3
spildte Guds ord på Balle-Lars,2
hæve barren,2
sandheden er ilde hørt,0
det går ned ad bakke,1
blind høne finder også korn,3
mester for noget,0
trække en streg i sandet,1
bløde fronterne op,1
langt hen ad vejen,3
hænge i sin mors skørter,3
grine hele vejen til banken,0
komme ud af busken,0
gå med halm i træskoene,0
give med den ene hånd og tage med den anden,3
holde på hat og briller,3
andre boller på suppen,3
ligne hinanden som to dråber vand,3
en dråbe i havet,1
lavthængende frugter,2
"når man ikke vil høre, må man føle",2
nød lærer nøgen kvinde at spinde,1
der gror mos på nogen el. noget,0
det fagreste træ i skoven,2
lakrids mellem tæerne,3
ikke nå nogen til knæene,1
gå efter manden i stedet for bolden,1
tegn og underlige gerninger,1
tage nogen ved hånden,0
tage nogen med bukserne nede,2
pakke ind i vat,0
panik før lukketid,0
få skovlen under,1
en dans på roser,0
arbejde så blodet springer fra neglene,2
være i lommen på,3
grus i maskineriet,2
ikke være helt fin i kanten,1
hele dynen,3
smage af fugl,0
have blod på hænderne,3
puste til gløderne,2
have mange jern i ilden,2
næsten ikke kunne få armene ned,2
ikke vide om man er købt eller solgt,0
de forhåndenværende søms princip,1
"når enden er god, er alting godt",0
komme ud af røret,1
skulle have skolepengene tilbage,1
skære ud i pap,1
gå hjem og vug,1
krydse nogens vej,3
gå i brædderne,0
kronen på værket,2
være i stødet,2
slippe katten ud af sækken,2
være højt på strå,3
der er synk i nogen,1
ikke være nogens kop te,3
det ene ord tager det andet,2
være høj i hatten,2
feje ind under gulvtæppet,3
nissen flytter med,0
være ved sine sansers fulde brug,2
kæmpe mod vindmøller,1
have spidse albuer,2
kaste med mudder,2
for fulde gardiner,3
religion er opium for folket,2
én fugl i hånden er bedre end ti på taget,3
med arme og ben,3
have ryggen mod muren,0
have alle trumfer på hånden,3
det er en dårlig fugl der skider i sin egen rede,1
med lodder og trisser,3
man kan ikke klippe håret af en skaldet,2
flyde med mælk og honning,0
kigge for dybt i flasken,1
stå på gloende pæle,0
belåne til op over skorstenen,2
der går tretten på dusinet af noget,3
på sine grædende knæ,1
køre med klatten,1
græsset er altid grønnere i naboens have,0
behandle nogen som et råddent æg,1
kigge nogen i kortene,2
være i ilden,3
have brød i ovnen,2
den åbne dørs politik,0
i den kolde sne,2
og så er den potte ude,0
man kan ikke lære en gammel hund nye kunster,2
ikke kunne huske fra næse til mund,2
et ord er et ord,1
kende sine lus på travet,3
lægge sin klamme hånd på noget,3
tampen brænder,0
holde på den forkerte hest,2
en streg i luften,0
bide i græsset,0
gammel kærlighed ruster ikke,3
gå til de evige jagtmarker,1
komme på slagtebænken,3
være solgt til stanglakrids,1
eneste hane i kurven,0
"koste blod, sved og tårer",1
rive nogen noget i næsen,1
"når solen går ned i en sæk, står den op i en bæk",1
noget er ikke det papir værd det er skrevet på,3
få en på frakken,2
tale samme sprog,0
spille på hele klaviaturet,1
hvem har tisset på din sukkermad,2
have det som blommen i et æg,2
stå med det ene ben i graven,3
munden står ikke stille på nogen,3
lægge et godt ord ind for nogen,1
gøre rent bord,2
der er ingen smalle steder,2
gå på akkord,2
være vaccineret med en grammofonstift,2
dansen om guldkalven,1
der falder en sten fra éns hjerte,1
gå ud som et lys,2
krybe langs panelerne,1
tabe både næse og mund,2
ligge lige til højrebenet,3
gaven der bliver ved med at give,0
tage pungen frem,2
træde i karakter,0
"villa, Volvo og vovhund",1
kæden er hoppet af,3
døden skal have en årsag,2
der ryger en finke af panden,1
have fingeren på pulsen,0
få enden på komedie,1
skriften på væggen,3
fiske i rørte vande,2
bide sig fast,1
slå to fluer med ét smæk,2
stå malet i ansigtet på nogen,3
noget kan blive både en dreng og en pige,2
vride bananen,1
ikke lægge fingrene imellem,3
åbne sit hjerte,1
gå rundt med noget i maven,0
helt ude i skoven,2
klæder skaber folk,2
op ad bakke,1
tage hatten af for,3
Lars Tyndskids mark,0
"går den, så går den",0
"højt at flyve, dybt at falde",2
gøre sine hoser grønne,2
gassen går af ballonen,0
køre kanonerne i stilling,3
en pose blandede bolsjer,2
der må være en blonde,2
gå op og ned som kong Volmers røv,1
have det hele i munden,2
"skomager, bliv ved din læst",3
væggene har ører,1
vende tingene på hovedet,0
ville give sin højre arm for noget,2
brænde sit lys i begge ender,3
vække den slumrende løve,0
kæmpe mod vejrmøller,3
høre en knappenål falde til jorden,1
strø sand på,1
nogens eget kød og blod,0
de ti bud,3
vende på en tallerken,1
være tredje hjul på vognen,3
være på tynd is,2
kunne mere end sit fadervor,0
få noget på halsen,3
stikke piben ind,1
grave et par spadestik dybere,0
komme gennem kødhakkeren,2
man skal ikke sælge skindet før bjørnen er skudt,1
"hvis man kan være en karl om natten, kan man også være en karl om dagen",2
så du røgen,1
ikke tro nogen over en dørtærskel,2
vide hvordan kagen skal skæres,1
"hvor der er hjerterum, er der husrum",3
det er lettere for en kamel at komme igennem et nåleøje end for en rig at komme ind i Guds rige,2
slå fast med syvtommersøm,2
skrive sig noget bag øret,1
"den der ager med stude, kommer også frem",0
sætte nogens pis i kog,1
dele sol og vind lige,1
fyre godt op under kedlerne,0
målet helliger midlet,1
være femte hjul på vognen,0
være helt ude i tovene,3
der er ugler i mosen,1
falde på et tørt sted,2
kysten er klar,3
der gror ikke mos på en rullesten,1
ind til benet,1
ligeud ad landevejen,3
skruen uden ende,1
der går inflation i noget,3
forsvarsparaderne er oppe,0
have store tanker om,0
med pistolen for brystet,1
få en spand koldt vand i hovedet,3
splitte mine bramsejl,0
nye koste fejer bedst,0
der skal to til tango,2
store ord og fedt flæsk,3
tilbage til rødderne,0
lyse i kuld og køn,2
spille kong Gulerod,3
lægge billet ind på noget,2
fra asken og i ilden,0
"har man sagt A, må man også sige B",3
"skønne, spildte kræfter",2
ål i strømperne,0
ligge med næsen i vejret,0
have knive i ærmerne,2
give bolden op,2
man kan stille uret efter ham,3
vaske sine hænder,2
få fingrene i fedtefadet,1
til punkt og prikke,2
det løber nogen koldt ned ad ryggen,0
alle gode gange tre,0
læsse noget over på nogen,2
bide nogen i haserne,3
dagens mand i skysovs,1
det er her det sner,1
tungen på vægtskålen,1
smage sin egen medicin,3
sætte i et dårligt lys,1
tage hul på noget,1
køre af sporet,0
rene ord for pengene,1
is i maven,3
trække noget op af hatten,2
"hvad man ikke ved, har man ikke ondt af",0
ikke lade solen gå ned over sin vrede,0
ikke den skarpeste kniv i skuffen,2
skyde sig selv i foden,2
våd som en druknet mus,3
ikke større end tobak for en skilling,0
rage kastanjerne ud af ilden,0
have kniven på struben,2
født med en guldske i munden,3
det må briste eller bære,3
stikke spaden i jorden,0
stå med håret ned ad nakken,2
uden for lands lov og ret,2
ligge og lure i vandskorpen,0
den ene tjeneste er den anden værd,2
gå hele vejen,3
lige så godt springe som krybe i det,1
ikke fugls føde,3
have penge på kistebunden,2
trykke på pauseknappen,3
bidt af en gal skuespiller,0
være på benene,2
det kan du tage gift på,1
få luft under vingerne,1
grave grøfter,1
ramme hovedet på sømmet,3
træde af på naturens vegne,2
få noget ud af systemet,0
"ude af øje, ude af sind",3
binde på hænder og fødder,0
vove det ene øje,0
der bliver ingen bukser ud af det skind,3
for lidt og for meget fordærver alting,0
"ét spøg, et andet alvor",0
ikke ville røre noget med en ildtang,1
en pæl i kødet,1
sætte skibe i søen,1
få lange arme,2
elefanten i rummet,2
det stille vand har den dybe grund,2
føre nogen bag lyset,3
man skal høre meget før ørerne falder af,2
lytte på vandrørene,2
købe katten i sækken,2
tomme tønder buldrer mest,1
med skindet på næsen,1
gå op i en spids,2
der er løbet meget vand gennem åen siden ..,1
slå til plukfisk,2
varme nogens ører,0
få kærligheden at føle,3
"hvor der handles, der spildes",3
ben i næsen,0
et plaster på såret,2
små gryder har også ører,1
asfaltere mens man kører,2
være karl for sin hat,3
som en brækket arm,1
have et øje på hver finger,0
"hvad hjertet er fuldt af, løber munden over med",1
koste spidsen af en jetjager,3
man skal rejse sig ved det træ hvor man er faldet,1
tabe småkagerne,0
skille fårene fra bukkene,3
være på den grønne gren,2
med omvendt fortegn,3
lokke nogen ud af busken,1
hugge en hæl og klippe en tå,1
ikke være til at styre på en hel tønde land,1
man skal ikke give bagerbørn hvedebrød,3
holde kortene tæt til kroppen,3
have gode kort på hånden,2
"hvad er højest, Rundetårn eller et tordenskrald?",0
finde melodien,2
have nogen el. noget i kikkerten,1
gennemgå med en tættekam,3
fra hestens egen mund,3
en sund sjæl i et sundt legeme,2
hverken se til højre eller venstre,0
bo i en kuffert,1
"to sjæle, én tanke",3
hælde benzin på bålet,0
trække tænderne ud,1
ved kasse ét,0
man skal ikke flyve højere end vingerne kan bære,3
slag på tasken,3
gnide salt i såret,1
logik for burhøns,3
køre på skinner,1
hånd i hanke med,1
helt ind i knoglerne,1
det er ikke studenterhuen der trykker,2
hvile på laurbærrene,2
komme ind fra gaden,2
støde panden mod en mur,0
"når det regner på præsten, drypper det på degnen",2
være livet om at gøre,2
"goddag mand, økseskaft",3
dråben der får bægeret til at flyde over,0
have en høne at plukke med nogen,0
gå i nogens fodspor,2
"den der kommer først til mølle, får først malet",0
komme ind med firetoget,3
ikke kunne se skoven for bare træer,2
sætte ulven til at vogte får,0
"når skidt kommer til ære, ved det ikke hvordan det skal være",2
i mørke er alle katte grå,3
være sulten som en ulv,3
arbejde sin røv i laser,2
ikke få et ben til jorden,1
skrive til skrivebordsskuffen,0
toppen af kransekagen,3
det glatte lag,3
gå i spagat over noget,0
hellere se éns hæl end éns tå,1
fryse til is,2
hvad forstår bønder sig på agurkesalat,0
skæg for sig og snot for sig,1
mennesket lever ikke af brød alene,0
gå bananas,0
penge lugter ikke,3
hive sig selv op ved håret,1
sidde med hænderne i skødet,0
komme ind under huden,0
tabe på gulvet,1
få noget med på vejen,0
slå knuder på sig selv,1
vifte nogen om næsen med noget,2
den hellige grav er vel forvaret,1
heldet følger de tossede,3
tanker er toldfri,2
med hård hånd,1
være et hestehoved foran,0
nogens mund er lukket med syv segl,0
satse alt på ét kort,2
parkere bussen,1
guds ord fra landet,2
feje af bordet,2
blæse nogen en hatfuld,0
have jord under neglene,2
"når nøden er størst, er hjælpen nærmest",1
stikke hånden i en hvepserede,0
få blod på tanden,3
vise nogen vintervejen,2
gå i ét med tapetet,3
nu er gode råd dyre,3
gå som varmt brød,2
se ud som om man er faldet ned fra månen,0
krølle på halen,0
levende lig,3
sætte himmel og hav i bevægelse,3
ikke kunne gøre en flue fortræd,0
tage tyren ved hornene,0
tale nogen efter munden,0
bestemme hvor skabet skal stå,2
godt begyndt er halvt fuldendt,2
have rundsave på albuerne,1
den ene hånd ved ikke hvad den anden gør,0
ikke nå nogen til sokkeholderne,3
hr. og fru Danmark,0
vende hver en sten,0
holde dampen oppe,2
med mand og mus,1
man skal ikke skue hunden på hårene,1
ingen roser uden torne,3
slå hjernen fra,2
sidde løst i sadlen,2
ikke kunne se ud over sin egen næsetip,1
have en kage i ovnen,1
et vink med en vognstang,1
gå til makronerne,1
sådan spiller klaveret ikke,3
trække nogen rundt ved næsen,2
lyve så stærkt som en hest kan rende,3
ikke være tabt bag en vogn,2
æren er det fejreste træ i skoven,3
tage ordet ud af munden på nogen,2
bide til bollen,2
med åben mund og polypper,2
glansen går af Sankt Gertrud,3
den sne der faldt i fjor,0
lægge hænderne på kogepladen,1
puste i nakken,0
have nogen i sin hule hånd,0
trække noget ned over hovedet på nogen,3
have en skrue løs,0
sætte alle sejl til,0
hår på brystet,0
sætte hælene i,1
gøre kort proces,2
så er det bal forbi,3
dreje 180 grader,3
høre en lille fugl synge om noget,1
ikke have noget liv,2
i en snæver vending,0
overlade tøjlerne til nogen,0
vende sig i sin grav,3
lediggang er roden til alt ondt,1
skud fra hoften,0
stå på god fod med nogen,3
vende den anden kind til,1
skrive noget på nogens konto,2
sno nogen om sin lillefinger,2
sætte det lange ben foran,0
ryge fredspibe,2
stiv time,1
havkat i hyttefadet,0
lade fem og syv være lige,3
dummere end politiet tillader,1
sætte en ny plade på grammofonen,2
tage noget på sin kappe,1
kaste et redningsbælte ud til nogen,0
have ti tommelfingre,2
sætte lus i skindpelsen,2
tabe hovedet,3
leve på en sten,3
"livet er kort, kunsten er lang",3
med bred pensel,2
den blå luft,1
dreje kniven rundt i såret,2
drive nogen i armene på nogen,3
hyppe sine egne kartofler,3
smede mens jernet er varmt,3
hurtig i vendingen,1
få fingeren ud,1
ikke kende nogen landegrænser,0
tjene ind på gyngerne hvad man har mistet på karrusellen,1
stå med hatten i hånden,1
græde over spildt mælk,0
historiens vingesus,1
hellere lille og vågen end stor og doven,3
langt mellem snapsene,0
gammel i gårde,0
ligne udskidt æblegrød,2
med hovedet under armen,3
trække store veksler på nogen,0
ikke lutter lagkage,3
føle sig hjemme,2
sætte ræven til at vogte gæs,0
frem og tilbage er lige langt,3
mange bække små gør en stor å,1
gå op i sømmene,3
glat som en ål,2
falde nogen for brystet,2
mele sin egen kage,2
holde nogen til ilden,0
gå forkert i byen,0
det er ikke raketvidenskab,1
kaste nogen for løverne,2
spænde ben,2
ikke ane hvilket ben man skal stå på,1
slå hånden af nogen,1
rande under øjnene,0
hellere ville brække en arm på langs end ..,1
køre sit eget løb,3
skide grønne grise,2
åbne for sluserne,1
"operationen lykkedes, men patienten døde",1
efter alle kunstens regler,1
holde nogen på pinebænken,1
ude på dybt vand,0
det skal du længere ud på landet med,2
sætte kroner og øre på noget,0
ligeved og næsten slår ingen mand af hesten,1
underskrive sin egen dødsdom,2
have et horn i siden på,1
have flossede kanter,2
komme ud af fjerene,2
få svesken på disken,3
tone rent flag,2
drikke nogen under bordet,2
smage som at række tungen ud ad vinduet,3
sætte kikkerten for det blinde øje,2
vippe af sadlen,1
riste over en sagte ild,1
kunne tælles på én hånd,0
sælge sand i Sahara,2
lægge kortene på bordet,2
stikke hovedet i busken,0
være nogens forlængede arm,3
en streg i regningen,2
ikke født i går,0
hænge ved nogens læber,2
surt løg,1
det rager mig en fjer,2
sætte sig på den høje hest,2
tage noget tungt,0
koste en bondegård,1
løvens gab,3
nære en slange ved sin barm,3
spille med skjulte kort,1
hverken vådt eller tørt,1
naturens muntre søn,1
en tynd kop te,0
jeg vil æde min hat på ..,1
én gang skal jo være den første,0
trække en kanin op af hatten,3
vide hvordan landet ligger,0
ingen kender dagen før solen går ned,1
ikke vide hvor man skal ende og begynde,2
lægge ansigtet i de rette folder,2
i sit ansigts sved,1
skære nogen i hjertet,2
en gave fra himlen,1
klæde sig i sæk og aske,0
bevæbnet til tænderne,1
have mange bolde i luften,2
løbe åbne døre ind,1
kvæle i fødslen,1
de tusind søers land,3
slå nogen oven i hovedet med noget,3
sommerfuglestøv på vingerne,2
nogen vender bøtten,3
være med på noderne,0
skille klinten fra hveden,1
æblet falder ikke langt fra stammen,1
tale lige ud af posen,0
slå hovedet på sømmet,0
der falder brænde ned,1
rasle med sablen,3
som en åben bog,3
Rom blev ikke bygget på en dag,2
fange nogen på det forkerte ben,2
bide sig selv i halen,2
gå på krum arm,0
jorden brænder under nogen,3
holde gryden i kog,2
spille med åbne kort,1
kaste perler for svin,3
skyde over målet,0
der er ikke nogen hjemme,2
holde snuden fra noget,2
verdens tag,2
gammel vin på nye flasker,3
til ingen verdens nytte,2
mosekonen brygger,1
alle veje fører til Rom,3
helt nede i kælderen,0
der kom en mand med en slæde i vejen,3
give faklen videre,2
ved sine fulde fem,2
give den en skalle,3
ikke give ved dørene,1
kunne ligge på et meget lille sted,2
en orm gnaver,3
bide skeer med,0
kært barn har mange navne,0
skære ind til benet,0
sætte sin hat som man vil,3
være stor i munden,0
feje for sin egen dør,0
skulle bæres ud med fødderne først,3
en kærlig hånd,0
rive sig i håret,3
hverken fugl eller fisk,2
kende noget som sin egen bukselomme,2
der er ikke noget at rafle om,3
lade falde hvad ikke kan stå,3
ikke lige være nogens nummer,0
ikke kunne stikke en pind i en lort uden at ødelægge begge dele,1
blive taget med fingrene i kagedåsen,1
komme fra et hjem med klaver,0
rydde noget af vejen,2
stikke hovederne sammen,2
have gelé i knæene,1
have et ben i hver lejr,3
være en flue på væggen,2
krumme et hår på nogens hoved,3
gå på med krum hals,0
en bid af kagen,2
der er mere mellem himmel og jord,1
det tager en krig,1
det er ikke mit bord,0
ligne noget katten har slæbt ind,0
stikke noget under stolen,3
være godt skåret for tungebåndet,2
have fået det forkerte ben ud af sengen,2
en strid om kejserens skæg,3
i den bedste af alle verdener,2
koge suppe på noget,0
bringe frem i lyset,3
ballonen revner,3
bagsiden af medaljen,1
have benzin i blodet,2
danse på vulkaner,2
stoppe mens legen er god,1
det haster ikke mere end det jager,2
til sidste blodsdråbe,1
vide hvad klokken er,0
have en ræv bag øret,0
have ild i enden,1
"ikke alt der glimter, er guld",3
en møllesten om halsen på nogen,3
give sorteper videre,3
have rent mel i posen,0
få så hatten passer,2
råbe vagt i gevær,3
bide i det sure æble,0
koge suppe på en pølsepind,0
være på trapperne,2
så slutter festen,1
hænge i bremsen,1
stikke næsen i sky,1
have en aktie i,1
træde op på den store klinge,1
apostlenes heste,3
sejle på varmen,2
spille fransk klovn,0
være som snydt ud af næsen på nogen,0
en fjer i hatten,1
gå nogen nærmere på klingen,3
luften går af ballonen,3
en ulykke kommer sjældent alene,3
de bredeste skuldre skal bære de tungeste byrder,0
en køn plante,0
slibe kanterne af nogen,0
så let som at klø sig selv i nakken,1
have noget hængende over hovedet,0
det er for sent at kaste brønden til når barnet er druknet,1
alt lykkes i en gasovn,1
"når man taler om solen, så skinner den",1
klappe hesten,0
der falder skæl fra ens øjne,1
til at komme i papirmøllen,1
I må kalde mig Mads hvis ..,2
det pulveriserende liv,2
lugten i bageriet,3
brændt barn skyr ilden,2
klædt af til skindet,0
have rene hænder,0
have snuden i sporet,3
"når krybben er tom, bides hestene",2
bryde isen,3
stærk tobak,1
hovmod står for fald,0
tage noget i stiv arm,3
få en appelsin i turbanen,2
sagen er bøf,2
grave sin egen grav,2
heldig kartoffel,1
have bly i røven,1
som at slå vand på en gås,2
læse noget som Fanden læser Bibelen,2
skumme fløden,1
den sorte klap går ned,2
slå op i banen,2
sidste skud på stammen,3
tage benene på nakken,2
rydde nogen af vejen,0
kunne høre græsset gro,1
ryste som et espeløv,1
vandene skilles,0
gå uden om noget som katten om den varme grød,1
føre til torvs,1
stikke næsen indenfor,3
tung at danse med,0
skræve mere end bukserne kan holde,2
blive lang i ansigtet,3
male sig selv op i et hjørne,1
hammeren falder,0
ligge lunt i svinget,3
begge fødder på jorden,3
hvor længe var Adam i Paradis,3
vide hvad vej vinden blæser,3
holde skindet på næsen,2
i nøden skal man kende sine venner,3
lige børn leger bedst,3
være på hælene,1
blive vejet og fundet for let,1
hænge nogen langt ud af halsen,2
"man ved hvad man har, men ikke hvad man får",0
dér ligger hunden begravet,0
ukrudt forgår ikke så let,1
man skal ikke kaste med sten når man selv bor i et glashus,1
skyde en hvid pind efter,0
have en heldig hånd,2
sidde med livet i hænderne,2
have flere strenge at spille på,3
der er forår i luften,0
vand på nogens mølle,0
lang som et ondt år,2
alt hvad remmer og tøj kan holde,2
"se sol, måne og stjerner",1
have foden under eget bord,2
gale katte får revne skind,1
love guld og grønne skove,2
finde sine egne ben,3
slag i ansigtet,0
slå til søren,0
spænde livremmen ind,1
den vej skal vi alle,1
være over alle bjerge,3
have ordet i sin magt,0
på éns glatte ansigt,3
gå op i limningen,2
plejer er død,1
der er ingen ko på isen,1
ride med på en bølge,1
give den hele armen,1
i sin visdom,2
save den gren over man selv sidder på,0
have en skarp tunge,1
eneste høne i kurven,0
brænde alle broer bag sig,1
enhver er sig selv nærmest,2
ikke ride den dag man sadler,3
slikke frimærker,1
træerne vokser ikke ind i himlen,1
vende vrangen ud,1
have bly i benene,0
rive hovedet af nogen,1
tyv tror hvermand stjæler,2
på et hængende hår,0
fare rundt som en flue i en flaske,2
som skidt fra en spædekalv,3
blod er tykkere end vand,0
himmel og jord står i ét,3
ikke kunne se en hånd for sig,2
man skal kravle før man kan gå,0
tage brødet ud af munden på nogen,3
hverken til at hugge eller stikke i,2
arbejde som en hest,2
for nogens blå øjnes skyld,3
løbe hornene af sig,2
om smagen kan der ikke diskuteres,1
have nerverne uden på tøjet,1
have bukserne på,1
slå en streg over noget,0
spænde buen for hårdt,2
lægge alle sine æg i samme kurv,3
fare i blækhuset,1
søbe den kål man selv har spyttet i,1
støde nogen på manchetterne,2
det skriger til himlen,1
sur røv,1
det hører man ikke når musikken spiller,2
som at se maling tørre,2
en storm i et glas vand,1
stege i sit eget fedt,3
miraklernes tid er ikke forbi,0
bukke begge ender sammen på,1
med det yderste af neglene,0
ride sin kæphest,3
en hård nød at knække,0
gøre kål på,3
det går ikke altid som præsten prædiker,3
gnide sig op ad nogen,3
hår i suppen,2
træde nogen over tæerne,1
tage skeen i den anden hånd,1
man kan også købe guld for dyrt,0
rønnebærrene er sure,2
passe som fod i hose,3
nerverne står på højkant,0
tro som guld,2
tælle på knapperne,0
der er intet nyt under solen,0
en gang til for prins Knud,0
krage søger mage,0
ønske nogen hen hvor peberet gror,1
rotterne forlader den synkende skude,2
så god som dagen er lang,3
sætte fingeren på det ømme punkt,1
skyde gråspurve med kanoner,3
"de gode græd, og de onde lo",0
én svale gør ingen sommer,3
tage en kugle for nogen,2
have både til gården og til gaden,2
for mange kokke fordærver maden,2
trække læsset,1
spise kirsebær med de store,1
have en trumf i ærmet,2
en fis i en hornlygte,2
være grebet ud af luften,2
stikke halen mellem benene,2
have en lille fjer på,0
veje sine ord på en guldvægt,3
surt show,0
have nogen nede i sækken,3
gå gennem ild og vand,1
se gennem fingrene med noget,3
sætte en finger på noget,2
hælde ned ad brættet,0
erfaren mand er god at gæste,1
hverken hoved eller hale,1
man må krybe før man kan gå,2
give nogen horn i panden,0
ligge på den flade hånd,1
fuglen er fløjet,2
trække fronterne op,3
forbuden frugt smager bedst,2
gå i vasken,2
jokke i spinaten,3
klappe i sine små hænder,3
oven i hatten,0
en hund i et spil kegler,2
ingen kæde er stærkere end det svageste led,1
tab og vind med samme sind,0
ondt i håret,3
brede sig som ringe i vandet,1
blive slap i knæene,1
lade en dør stå på klem,0
ikke kunne høre hvad man selv tænker,1
uden for pædagogisk rækkevidde,1
være oppe på lakridserne,0
fyre kanonen af,2
tage med fløjlshandsker på nogen,0
det muntre køkken,1
smøge ærmerne op,2
gå hen over hovedet på nogen,1
springe over hvor gærdet er lavest,2
nogens hjerte springer et slag over,3
lege med ilden,1
over hals og hoved,2
"den der gemmer til natten, gemmer til katten",2
tage arven op efter nogen,1
slå sig på flasken,2
"mens græsset gror, dør horsemor",1
det store dyr i åbenbaringen,2
gå i hundene,0
ramme på kornet,1
sætte nogen fluer i hovedet,0
være i sikre hænder,2
fare i flæsket på,0
smide over bord,0
gribe i egen barm,3
én på torsken,0
tage med sig i graven,1
komme godt fra land,1
lægge to og to sammen,1
ofre noget på kærlighedens alter,2
bange for sin egen skygge,2
det grå guld,0
spil for galleriet,2
en pind til nogens el. nogets ligkiste,3
sidde klistret til skærmen,2
krybe i et musehul,1
kun en tåbe frygter ikke havet,2
forslå som en skrædder i helvede,0
det melder historien ikke noget om,1
have fat i den lange ende,3
"den der sår vind, høster storm",1
tisse i bukserne for at holde varmen,2
tage nogen ved vingebenet,2
hvis og hvis min røv var spids,1
prinsen på den hvide hest,0
have meget om ørerne,1
vælte læsset,2
stikke en kniv i ryggen på nogen,1
stille sig på bagbenene,3
slag i bolledejen,2
være en spurv i tranedans,3
lukke for det varme vand,0
vente på at stegte duer skal flyve ind i munden på én,2
sætte til vægs,0
en klods om benet på nogen,1
gå ud af sit gode skind,3
smide barnet ud med badevandet,0
hu hej vilde dyr,3
toppen af isbjerget,3
hver fugl synger med sit næb,2
slå koldt vand i blodet,0
når der er to torsdage i en uge,1
krig på kniven,2
med et glimt i øjet,2
kunne bide tungen af sig selv,2
man kan ikke både blæse og have mel i munden,0
man har et standpunkt til man tager et nyt,0
være en hund efter noget,0
der går et lys op for nogen,0
sælge nogen en trepattet ko,3
gøre en myg til en elefant,2
gå over åen efter vand,2
ingen kan tjene to herrer,1
bide tænderne sammen,1
skulle have noget ind med skeer,1
lægge hovedet i blød,1
pynte sig med lånte fjer,2
"det er mig, sagde hunden",1
gå op i hat og briller,0
stå med håret i postkassen,3
smile i skægget,3
gyde olie på vandene,2
"den der graver en grav for andre, falder selv i den",2
lykken står den kække bi,2
kræve nogens hoved på et fad,1
bringe blodet i kog,3
tage bladet fra munden,1
kolos på lerfødder,1
slå ind på en anden vej,3
støbe kuglerne,0
have krudt i røven,3
ikke have en snebolds chance i helvede,3
"når katten er ude, spiller musene på bordet",2
stirre sig blind på noget,1
der er løbet meget vand i stranden siden ..,3
slå til skaglerne,3
"øje for øje, tand for tand",1
håbet er lysegrønt,0
vende og dreje hver femøre,0
proppe noget ned i halsen på nogen,1
tale for sin syge moster,1
til den store guldmedalje,0
kaste under bussen,2
holde næsen i plovfuren,2
stampe op af jorden,3
svare i øst når der spørges i vest,0
et greb i lommen,0
smide gode penge efter dårlige,0
piben får en anden lyd,3
spille på flere heste,0
ikke syv vilde heste kan ..,3
"den enes død, den andens brød",1
bære kappen på begge skuldre,1